id,faction,chassis,name,original
1,InnerSphere,hunchback,hbk-4g,
2,InnerSphere,hunchback,hbk-4p,
3,InnerSphere,jenner,jr7-d,
4,InnerSphere,jenner,jr7-f,
5,InnerSphere,commando,com-2d,
6,InnerSphere,commando,com-3a,
7,InnerSphere,centurion,cn9-a,
8,InnerSphere,centurion,cn9-ah,
9,InnerSphere,hunchback,hbk-4h,
10,InnerSphere,dragon,drg-1n,
11,InnerSphere,dragon,drg-1c,
12,InnerSphere,catapult,cplt-c1,
13,InnerSphere,catapult,cplt-a1,
14,InnerSphere,awesome,aws-8q,
15,InnerSphere,awesome,aws-8r,
16,InnerSphere,atlas,as7-d,
17,InnerSphere,atlas,as7-d-dc,
18,InnerSphere,atlas,as7-rs,
19,InnerSphere,catapult,cplt-k2,
20,InnerSphere,jenner,jr7-k,
21,InnerSphere,hunchback,hbk-4j,
22,InnerSphere,hunchback,hbk-4sp,
23,InnerSphere,dragon,drg-5n,
24,InnerSphere,catapult,cplt-c4,
25,InnerSphere,atlas,as7-k,
26,InnerSphere,commando,com-1b,
27,InnerSphere,commando,com-1d,
28,InnerSphere,centurion,cn9-al,
29,InnerSphere,centurion,cn9-d,
30,InnerSphere,awesome,aws-8t,
31,InnerSphere,awesome,aws-8v,
32,InnerSphere,awesome,aws-9m,
33,InnerSphere,raven,rvn-3l,
34,InnerSphere,raven,rvn-2x,
35,InnerSphere,raven,rvn-4x,
36,InnerSphere,cicada,cda-3m,
37,InnerSphere,cicada,cda-2a,
38,InnerSphere,cicada,cda-2b,
39,InnerSphere,cicada,cda-3c,
40,InnerSphere,cataphract,ctf-3d,
41,InnerSphere,cataphract,ctf-1x,
42,InnerSphere,cataphract,ctf-2x,
43,InnerSphere,cataphract,ctf-3l,
44,InnerSphere,cataphract,ctf-4x,
45,InnerSphere,centurion,cn9-ylw,
46,InnerSphere,stalker,stk-5m,
47,InnerSphere,stalker,stk-3f,
48,InnerSphere,stalker,stk-3h,
49,InnerSphere,stalker,stk-4n,
50,InnerSphere,stalker,stk-5s,
51,InnerSphere,spider,sdr-5v,
52,InnerSphere,spider,sdr-5d,
53,InnerSphere,spider,sdr-5k,
54,InnerSphere,cataphract,ctf-im,
55,InnerSphere,dragon,drg-fang,
56,InnerSphere,dragon,drg-flame,
57,InnerSphere,commando,com-tdk,
58,InnerSphere,awesome,aws-pb,
59,InnerSphere,trebuchet,tbt-7m,
60,InnerSphere,trebuchet,tbt-3c,
61,InnerSphere,trebuchet,tbt-5j,
62,InnerSphere,trebuchet,tbt-5n,
63,InnerSphere,trebuchet,tbt-7k,
64,InnerSphere,cicada,cda-x5,
65,InnerSphere,jagermech,jm6-dd,
66,InnerSphere,jagermech,jm6-a,
67,InnerSphere,jagermech,jm6-s,
69,InnerSphere,highlander,hgn-hm,
70,InnerSphere,highlander,hgn-732,
71,InnerSphere,highlander,hgn-733,
72,InnerSphere,highlander,hgn-733c,
73,InnerSphere,highlander,hgn-733p,
74,InnerSphere,dragon,drg-5nc,drg-5n
75,InnerSphere,stalker,stk-m,
76,InnerSphere,jenner,jr7-fc,jr7-f
77,InnerSphere,blackjack,bj-1,
78,InnerSphere,blackjack,bj-1dc,
79,InnerSphere,blackjack,bj-1x,
80,InnerSphere,blackjack,bj-3,
81,InnerSphere,jagermech,jm6-fb,
82,InnerSphere,quickdraw,qkd-4g,
83,InnerSphere,quickdraw,qkd-4h,
84,InnerSphere,quickdraw,qkd-5k,
85,InnerSphere,hunchback,hbk-4pc,hbk-4p
86,InnerSphere,jenner,jr7-ds,jr7-d
87,InnerSphere,victor,vtr-ds,
88,InnerSphere,victor,vtr-9k,
89,InnerSphere,victor,vtr-9b,
90,InnerSphere,victor,vtr-9s,
91,InnerSphere,catapult,cplt-a1c,cplt-a1
92,InnerSphere,atlas,as7-rsc,as7-rs
93,InnerSphere,kintaro,kto-gb,
94,InnerSphere,kintaro,kto-20,
95,InnerSphere,kintaro,kto-18,
96,InnerSphere,kintaro,kto-19,
97,InnerSphere,orion,on1-p,
98,InnerSphere,orion,on1-m,
99,InnerSphere,orion,on1-k,
100,InnerSphere,orion,on1-v,
101,InnerSphere,orion,on1-va,
102,InnerSphere,centurion,cn9-ac,cn9-a
103,InnerSphere,atlas,as7-bh,
104,InnerSphere,spider,sdr-5kc,sdr-5k
105,InnerSphere,locust,lct-1vp,lct-1v
106,InnerSphere,locust,lct-1v,
107,InnerSphere,locust,lct-3m,
108,InnerSphere,locust,lct-3s,
109,InnerSphere,shadowhawk,shd-2hp,shd-2h
110,InnerSphere,shadowhawk,shd-2h,
111,InnerSphere,shadowhawk,shd-2d2,
112,InnerSphere,shadowhawk,shd-5m,
113,InnerSphere,thunderbolt,tdr-5sp,tdr-5s
114,InnerSphere,thunderbolt,tdr-5s,
115,InnerSphere,thunderbolt,tdr-5ss,
116,InnerSphere,thunderbolt,tdr-9se,
117,InnerSphere,battlemaster,blr-1gp,blr-1g
118,InnerSphere,battlemaster,blr-1g,
119,InnerSphere,battlemaster,blr-1d,
120,InnerSphere,battlemaster,blr-1s,
121,InnerSphere,catapult,cplt-j,
122,InnerSphere,blackjack,bj-1c,bj-1
123,InnerSphere,jenner,jr7-o,
124,InnerSphere,highlander,hgn-733cc,hgn-733c
125,InnerSphere,griffin,grf-1np,grf-1n
126,InnerSphere,griffin,grf-1n,
127,InnerSphere,griffin,grf-1s,
128,InnerSphere,griffin,grf-3m,
129,InnerSphere,wolverine,wvr-6rp,wvr-6r
130,InnerSphere,wolverine,wvr-6r,
131,InnerSphere,wolverine,wvr-6k,
132,InnerSphere,wolverine,wvr-7k,
133,InnerSphere,hunchback,hbk-gi,
134,InnerSphere,cicada,cda-2ac,cda-2a
135,InnerSphere,hunchback,hbk-gi2,hbk-gi
136,InnerSphere,stalker,stk-3fc,stk-3f
137,InnerSphere,firestarter,fs9-e,
138,InnerSphere,firestarter,fs9-s,
139,InnerSphere,firestarter,fs9-a,
140,InnerSphere,firestarter,fs9-h,
141,InnerSphere,firestarter,fs9-k,
142,InnerSphere,cataphract,ctf-3dc,ctf-3d
143,InnerSphere,banshee,bnc-lm,
144,InnerSphere,banshee,bnc-3e,
145,InnerSphere,banshee,bnc-3m,
146,InnerSphere,banshee,bnc-3s,
147,InnerSphere,victor,vtr-9sc,vtr-9s
148,InnerSphere,raven,rvn-h,
149,InnerSphere,battlemaster,blr-3m,
150,InnerSphere,battlemaster,blr-3s,
151,InnerSphere,locust,lct-1e,
152,InnerSphere,locust,lct-1m,
153,InnerSphere,shadowhawk,shd-2d,
154,InnerSphere,shadowhawk,shd-2k,
155,InnerSphere,thunderbolt,tdr-9s,
156,InnerSphere,orion,on1-kc,on1-k
157,InnerSphere,trebuchet,tbt-lg,
158,InnerSphere,quickdraw,qkd-iv4,
159,InnerSphere,blackjack,bj-a,
160,InnerSphere,firestarter,fs9-sc,fs9-s
161,InnerSphere,shadowhawk,shd-2hc,shd-2h
162,Clan,timberwolf,tbr-primei,tbr-prime
163,Clan,timberwolf,tbr-prime,
164,Clan,timberwolf,tbr-c,
165,Clan,timberwolf,tbr-s,
166,Clan,adder,adr-primei,adr-prime
167,Clan,adder,adr-prime,
168,Clan,adder,adr-a,
169,Clan,adder,adr-d,
170,Clan,direwolf,dwf-primei,dwf-prime
171,Clan,direwolf,dwf-prime,
172,Clan,direwolf,dwf-a,
173,Clan,direwolf,dwf-b,
174,Clan,kitfox,kfx-primei,kfx-prime
175,Clan,kitfox,kfx-prime,
176,Clan,kitfox,kfx-d,
177,Clan,kitfox,kfx-s,
178,Clan,nova,nva-primei,nva-prime
179,Clan,nova,nva-prime,
180,Clan,nova,nva-b,
181,Clan,nova,nva-s,
182,Clan,stormcrow,scr-primei,scr-prime
183,Clan,stormcrow,scr-prime,
184,Clan,stormcrow,scr-c,
185,Clan,stormcrow,scr-d,
186,Clan,summoner,smn-primei,smn-prime
187,Clan,summoner,smn-prime,
188,Clan,summoner,smn-b,
189,Clan,summoner,smn-d,
190,Clan,warhawk,whk-primei,whk-prime
191,Clan,warhawk,whk-prime,
192,Clan,warhawk,whk-a,
193,Clan,warhawk,whk-b,
194,Clan,timberwolf,tbr-primeg,tbr-prime
195,Clan,adder,adr-primeg,adr-prime
196,Clan,direwolf,dwf-primeg,dwf-prime
197,Clan,kitfox,kfx-primeg,kfx-prime
198,Clan,nova,nva-primeg,nva-prime
199,Clan,stormcrow,scr-primeg,scr-prime
200,Clan,summoner,smn-primeg,smn-prime
201,Clan,warhawk,whk-primeg,whk-prime
202,InnerSphere,kintaro,kto-18c,kto-18
203,InnerSphere,spider,sdr-a,
204,InnerSphere,battlemaster,blr-1ghe,
205,InnerSphere,vindicator,vnd-1sib,
206,InnerSphere,vindicator,vnd-1r,
207,InnerSphere,vindicator,vnd-1aa,
208,InnerSphere,vindicator,vnd-1x,
209,InnerSphere,quickdraw,qkd-4gc,qkd-4g
210,InnerSphere,griffin,grf-1e,
211,Clan,maddog,mdd-primei,mdd-prime
212,Clan,maddog,mdd-prime,
213,Clan,maddog,mdd-a,
214,Clan,maddog,mdd-b,
215,InnerSphere,trebuchet,tbt-7mc,tbt-7m
216,InnerSphere,atlas,as7-s,
217,InnerSphere,thunderbolt,tdr-9sec,tdr-9se
218,Clan,iceferret,ifr-primei,ifr-prime
219,Clan,iceferret,ifr-prime,
220,Clan,iceferret,ifr-a,
221,Clan,iceferret,ifr-c,
222,InnerSphere,locust,lct-pb,
223,InnerSphere,shadowhawk,shd-gd,
224,Clan,mistlynx,mlx-primei,mlx-prime
225,Clan,mistlynx,mlx-prime,
226,Clan,mistlynx,mlx-b,
227,Clan,mistlynx,mlx-c,
228,InnerSphere,raven,rvn-3lc,rvn-3l
229,Clan,hellbringer,hbr-primei,hbr-prime
230,Clan,hellbringer,hbr-prime,
231,Clan,hellbringer,hbr-a,
232,Clan,hellbringer,hbr-b,
233,Clan,gargoyle,gar-primei,gar-prime
234,Clan,gargoyle,gar-prime,
235,Clan,gargoyle,gar-a,
236,Clan,gargoyle,gar-d,
237,InnerSphere,kingcrab,kgc-000l,kgc-000
238,InnerSphere,kingcrab,kgc-000,
239,InnerSphere,kingcrab,kgc-0000,
240,InnerSphere,kingcrab,kgc-000b,
241,InnerSphere,atlas,as7-s-std,as7-s
242,InnerSphere,centurion,cn9-ah-std,cn9-ah
243,InnerSphere,panther,pnt-10kr,pnt-10k
244,InnerSphere,panther,pnt-10k,
245,InnerSphere,panther,pnt-8z,
246,InnerSphere,panther,pnt-9r,
247,InnerSphere,enforcer,enf-5dr,enf-5d
248,InnerSphere,enforcer,enf-5d,
249,InnerSphere,enforcer,enf-4r,
250,InnerSphere,enforcer,enf-5p,
251,InnerSphere,banshee,bnc-3mc,bnc-3m
252,InnerSphere,grasshopper,ghr-5jr,ghr-5j
253,InnerSphere,grasshopper,ghr-5j,
254,InnerSphere,grasshopper,ghr-5h,
255,InnerSphere,grasshopper,ghr-5n,
256,InnerSphere,zeus,zeu-6sr,zeu-6s
257,InnerSphere,zeus,zeu-6s,
258,InnerSphere,zeus,zeu-6t,
259,InnerSphere,zeus,zeu-9s,
260,Clan,adder,adr-b,
261,Clan,direwolf,dwf-s,
262,Clan,gargoyle,gar-c,
263,Clan,iceferret,ifr-d,
264,Clan,kitfox,kfx-c,
265,Clan,maddog,mdd-c,
266,Clan,mistlynx,mlx-a,
267,Clan,nova,nva-a,
268,Clan,stormcrow,scr-a,
269,Clan,summoner,smn-c,
270,Clan,timberwolf,tbr-d,
271,Clan,warhawk,whk-c,
272,InnerSphere,griffin,grf-1sc,grf-1s
273,InnerSphere,wolverine,wvr-6kc,wvr-6k
274,InnerSphere,urbanmech,um-r63s,um-r63
275,InnerSphere,urbanmech,um-r63,
276,InnerSphere,urbanmech,um-r60,
277,InnerSphere,urbanmech,um-r60l,
278,InnerSphere,jagermech,jm6-ac,jm6-a
279,Clan,ebonjaguar,ebj-primei,ebj-prime
280,Clan,ebonjaguar,ebj-prime,
281,Clan,ebonjaguar,ebj-a,
282,Clan,ebonjaguar,ebj-b,
283,Clan,ebonjaguar,ebj-c,
284,Clan,executioner,exe-primei,exe-prime
285,Clan,executioner,exe-prime,
286,Clan,executioner,exe-a,
287,Clan,executioner,exe-b,
288,Clan,executioner,exe-d,
289,InnerSphere,thunderbolt,tdr-5s-t,
290,Clan,arcticcheetah,ach-primei,ach-prime
291,Clan,arcticcheetah,ach-prime,
292,Clan,arcticcheetah,ach-a,
293,Clan,arcticcheetah,ach-b,
294,Clan,arcticcheetah,ach-c,
295,Clan,shadowcat,shc-primei,shc-prime
296,Clan,shadowcat,shc-prime,
297,Clan,shadowcat,shc-a,
298,Clan,shadowcat,shc-b,
299,Clan,shadowcat,shc-p,
300,InnerSphere,griffin,grf-2n,
301,InnerSphere,highlander,hgn-732b,
302,InnerSphere,locust,lct-3v,
303,Clan,direwolf,dwf-w,
304,Clan,gargoyle,gar-b,
305,Clan,iceferret,ifr-b,
306,Clan,mistlynx,mlx-d,
307,Clan,nova,nva-c,
308,Clan,stormcrow,scr-b,
309,Clan,timberwolf,tbr-a,
310,InnerSphere,battlemaster,blr-2c,
311,InnerSphere,cataphract,ctf-0xp,
312,InnerSphere,panther,pnt-10p,
313,InnerSphere,enforcer,enf-4p,
314,InnerSphere,grasshopper,ghr-5p,
315,InnerSphere,zeus,zeu-5s,
316,InnerSphere,wolverine,wvr-q,
317,InnerSphere,enforcer,enf-4rc,enf-4r
318,Clan,timberwolf,tbr-cc,tbr-c
319,InnerSphere,blackknight,bl-6-kntr,bl-6-knt
320,InnerSphere,blackknight,bl-6-knt,
321,InnerSphere,blackknight,bl-6b-knt,
322,InnerSphere,blackknight,bl-7-knt,
323,InnerSphere,blackknight,bl-7-knt-l,
324,InnerSphere,mauler,mal-1rr,mal-1r
325,InnerSphere,mauler,mal-1r,
326,InnerSphere,mauler,mal-mx90,
327,InnerSphere,mauler,mal-1p,
328,InnerSphere,mauler,mal-2p,
329,InnerSphere,crab,crb-27r,crb-27
330,InnerSphere,crab,crb-27,
331,InnerSphere,crab,crb-20,
332,InnerSphere,crab,crb-27b,
333,InnerSphere,crab,crb-27sl,
334,InnerSphere,wolfhound,wlf-2r,wlf-2
335,InnerSphere,wolfhound,wlf-2,
336,InnerSphere,wolfhound,wlf-1,
337,InnerSphere,wolfhound,wlf-1a,
338,InnerSphere,wolfhound,wlf-1b,
339,InnerSphere,cicada,cda-3fl,cda-3f
340,InnerSphere,wolverine,wvr-7dl,wvr-7d
341,InnerSphere,zeus,zeu-9s2l,zeu-9s2
342,Clan,nova,nva-dl,nva-d
343,Clan,executioner,exe-cl,exe-c
344,InnerSphere,marauder,mad-3rs,mad-3r
345,InnerSphere,marauder,mad-3r,
346,InnerSphere,marauder,mad-5d,
347,InnerSphere,marauder,mad-5m,
348,InnerSphere,marauder,mad-bh2,
349,InnerSphere,kingcrab,kgc-000bc,kgc-000b
350,InnerSphere,kingcrab,kgc-000bs,kgc-000b
351,Clan,arcticcheetah,ach-primec,ach-prime
352,Clan,arcticcheetah,ach-primes,ach-prime
353,Clan,stormcrow,scr-primec,scr-prime
354,Clan,stormcrow,scr-primes,scr-prime
355,Clan,direwolf,dwf-wc,dwf-w
356,Clan,direwolf,dwf-ws,dwf-w
357,InnerSphere,raven,rvn-3ls,rvn-3l
358,InnerSphere,hunchback,hbk-4ps,hbk-4p
359,InnerSphere,thunderbolt,tdr-9ses,tdr-9se
360,Clan,timberwolf,tbr-cs,tbr-c
361,Clan,jenneriic,jr7-iico,jr7-iic
362,Clan,jenneriic,jr7-iic,
363,Clan,jenneriic,jr7-iic-2,
364,Clan,jenneriic,jr7-iic-3,
365,Clan,jenneriic,jr7-iic-a,
366,Clan,hunchbackiic,hbk-iico,hbk-iic
367,Clan,hunchbackiic,hbk-iic,
368,Clan,hunchbackiic,hbk-iic-a,
369,Clan,hunchbackiic,hbk-iic-b,
370,Clan,hunchbackiic,hbk-iic-c,
371,Clan,orioniic,on1-iico,on1-iic
372,Clan,orioniic,on1-iic,
373,Clan,orioniic,on1-iic-a,
374,Clan,orioniic,on1-iic-b,
375,Clan,orioniic,on1-iic-c,
376,Clan,highlanderiic,hgn-iico,hgn-iic
377,Clan,highlanderiic,hgn-iic,
378,Clan,highlanderiic,hgn-iic-a,
379,Clan,highlanderiic,hgn-iic-b,
380,Clan,highlanderiic,hgn-iic-c,
381,InnerSphere,warhammer,whm-6rs,whm-6r
382,InnerSphere,warhammer,whm-6r,
383,InnerSphere,warhammer,whm-6d,
384,InnerSphere,warhammer,whm-7s,
385,InnerSphere,warhammer,whm-bw,
386,InnerSphere,rifleman,rfl-3ns,rfl-3n
387,InnerSphere,rifleman,rfl-3n,
388,InnerSphere,rifleman,rfl-3c,
389,InnerSphere,rifleman,rfl-5d,
390,InnerSphere,rifleman,rfl-lk,
391,InnerSphere,archer,arc-2rs,arc-2r
392,InnerSphere,archer,arc-2r,
393,InnerSphere,archer,arc-5s,
394,InnerSphere,archer,arc-5w,
395,InnerSphere,archer,arc-t,
396,InnerSphere,locust,lct-1ec,lct-1e
397,InnerSphere,commando,com-1dc,com-1d
398,InnerSphere,vindicator,vnd-1aac,vnd-1aa
399,InnerSphere,awesome,aws-9mc,aws-9m
400,InnerSphere,battlemaster,blr-2cc,blr-2c
401,Clan,mistlynx,mlx-primec,mlx-prime
402,Clan,shadowcat,shc-primec,shc-prime
403,Clan,ebonjaguar,ebj-primec,ebj-prime
404,Clan,warhawk,whk-cc,whk-c
405,Clan,kodiak,kdk-1s,kdk-1
406,Clan,kodiak,kdk-1,
407,Clan,kodiak,kdk-2,
408,Clan,kodiak,kdk-3,
409,Clan,kodiak,kdk-4,
410,Clan,kodiak,kdk-5,
411,Clan,kodiak,kdk-sb,
412,InnerSphere,phoenixhawk,pxh-1s,pxh-1
413,InnerSphere,phoenixhawk,pxh-1,
414,InnerSphere,phoenixhawk,pxh-1b,
415,InnerSphere,phoenixhawk,pxh-1k,
416,InnerSphere,phoenixhawk,pxh-2,
417,InnerSphere,phoenixhawk,pxh-3s,
418,InnerSphere,phoenixhawk,pxh-r,
419,InnerSphere,phoenixhawk,pxh-kk,
420,InnerSphere,catapult,cplt-bb,
421,Clan,viper,vpr-primes,vpr-prime
422,Clan,viper,vpr-prime,
423,Clan,viper,vpr-a,
424,Clan,viper,vpr-b,
425,Clan,viper,vpr-c,
426,Clan,viper,vpr-d,
427,Clan,viper,vpr-m,
428,InnerSphere,cicada,cda-3f,
429,InnerSphere,wolverine,wvr-7d,
430,InnerSphere,zeus,zeu-9s2,
431,Clan,nova,nva-d,
432,Clan,executioner,exe-c,
433,InnerSphere,cyclops,cp-11-as,,cp-11-a
434,InnerSphere,cyclops,cp-11-a,
435,InnerSphere,cyclops,cp-10-q,
436,InnerSphere,cyclops,cp-10-z,
437,InnerSphere,cyclops,cp-11-a-dc,
438,InnerSphere,cyclops,cp-11-p,
439,InnerSphere,cyclops,cp-s,
440,InnerSphere,centurion,cn9-ancix,cn9-a
441,Clan,nightgyr,ntg-primes,ntg-prime
442,Clan,nightgyr,ntg-prime,
443,Clan,nightgyr,ntg-a,
444,Clan,nightgyr,ntg-b,
445,Clan,nightgyr,ntg-c,
446,Clan,nightgyr,ntg-d,
447,Clan,nightgyr,ntg-jk,
448,InnerSphere,panther,pnt-10kc,pnt-10k
449,InnerSphere,crab,crb-27bc,crb-27b
450,InnerSphere,grasshopper,ghr-5hc,ghr-5h
451,InnerSphere,zeus,zeu-6tc,zeu-6t
452,Clan,jenneriic,jr7-iicc,jr7-iic
453,Clan,hunchbackiic,hbk-iicc,hbk-iic
454,Clan,orioniic,on1-iic-ac,on1-iic-a
455,Clan,highlanderiic,hgn-iic-cc,hgn-iic-c
456,Clan,huntsman,hmn-primes,hmn-prime
457,Clan,huntsman,hmn-prime,
458,Clan,huntsman,hmn-a,
459,Clan,huntsman,hmn-b,
460,Clan,huntsman,hmn-c,
461,Clan,huntsman,hmn-p,
462,Clan,huntsman,hmn-pa,
463,InnerSphere,blackjack,bj-2l,bj-2
464,InnerSphere,cataphract,ctf-3ll,ctf-3l
465,InnerSphere,stalker,stk-3fbl,stk-3fb
466,Clan,hellbringer,hbr-fl,hbr-f
467,Clan,summoner,smn-fl,smn-f
468,Clan,summoner,smn-ml,smn-m
469,Clan,linebacker,lbk-primes,lbk-prime
470,Clan,linebacker,lbk-prime,
471,Clan,linebacker,lbk-a,
472,Clan,linebacker,lbk-b,
473,Clan,linebacker,lbk-c,
474,Clan,linebacker,lbk-d,
475,Clan,linebacker,lbk-rl,
476,Clan,kitfox,kfx-pr,
477,Clan,adder,adr-cn,
478,Clan,nova,nva-bk,
479,Clan,stormcrow,scr-lc,
480,Clan,summoner,smn-pd,
481,Clan,timberwolf,tbr-war,
482,Clan,warhawk,whk-nq,
483,Clan,direwolf,dwf-uv,
484,InnerSphere,panther,pnt-10ks,pnt-10k
485,Clan,mistlynx,mlx-primes,mlx-prime
486,InnerSphere,crab,crb-27bs,crab,crb-27b
487,Clan,shadowcat,shc-primes,shc-prime
488,InnerSphere,grasshopper,ghr-5hs,ghr-5h
489,Clan,ebonjaguar,ebj-primes,ebj-prime
490,InnerSphere,zeus,zeu-6ts,zeu-6t
491,Clan,warhawk,whk-cs,whk-c
492,Clan,marauderiic,mad-iics,mad-iic
493,Clan,marauderiic,mad-iic,
494,Clan,marauderiic,mad-iic-8,
495,Clan,marauderiic,mad-iic-a,
496,Clan,marauderiic,mad-iic-b,
497,Clan,marauderiic,mad-iic-c,
498,Clan,marauderiic,mad-iic-d,
499,Clan,marauderiic,mad-iic-sc,
500,InnerSphere,bushwacker,bsw-x1s,bsw-x1
501,InnerSphere,bushwacker,bsw-x1,
502,InnerSphere,bushwacker,bsw-x2,
503,InnerSphere,bushwacker,bsw-s2,
504,InnerSphere,bushwacker,bsw-p1,
505,InnerSphere,bushwacker,bsw-p2,
506,InnerSphere,bushwacker,bsw-hr,
507,Clan,supernova,snv-1s,snv-1
508,Clan,supernova,snv-1,
509,Clan,supernova,snv-3,
510,Clan,supernova,snv-a,
511,Clan,supernova,snv-b,
512,Clan,supernova,snv-c,
513,Clan,supernova,snv-br,
514,InnerSphere,blackjack,bj-2,
515,InnerSphere,stalker,stk-3fb,
516,Clan,hellbringer,hbr-f,
517,Clan,summoner,smn-f,
518,Clan,summoner,smn-m,
519,InnerSphere,assassin,asn-21s,asn-21
520,InnerSphere,assassin,asn-21,
521,InnerSphere,assassin,asn-23,
522,InnerSphere,assassin,asn-101,
523,InnerSphere,assassin,asn-26,
524,InnerSphere,assassin,asn-27,
525,InnerSphere,assassin,asn-dd,
526,InnerSphere,wolfhound,wlf-1c,wlf-1
527,InnerSphere,phoenixhawk,pxh-2c,pxh-2
528,InnerSphere,warhammer,whm-6dc,whm-6d
529,InnerSphere,mauler,mal-mx90c,mal-mx90
530,Clan,adder,adr-primec,adr-prime
531,Clan,nova,nva-sc,nva-s
532,Clan,hellbringer,hbr-fc,hbr-f
533,Clan,kodiak,kdk-3c,kdk-3
534,InnerSphere,roughneck,rgh-1as,rgh-1a
535,InnerSphere,roughneck,rgh-1a,
536,InnerSphere,roughneck,rgh-1b,
537,InnerSphere,roughneck,rgh-1c,
538,InnerSphere,roughneck,rgh-2a,
539,InnerSphere,roughneck,rgh-3a,
540,InnerSphere,roughneck,rgh-r,
541,InnerSphere,javelin,jvn-10ns,jvn-10n
542,InnerSphere,javelin,jvn-10n,
543,InnerSphere,javelin,jvn-10f,
544,InnerSphere,javelin,jvn-10p,
545,InnerSphere,javelin,jvn-11a,
546,InnerSphere,javelin,jvn-11b,
547,InnerSphere,javelin,jvn-ht,
548,InnerSphere,urbanmech,um-k9,
549,InnerSphere,wolfhound,wlf-gr,
550,InnerSphere,panther,pnt-kk,
551,InnerSphere,crab,crb-fl,
552,InnerSphere,enforcer,enf-gh,
553,InnerSphere,grasshopper,ghr-mj,
554,InnerSphere,blackknight,bl-p-knt,
555,InnerSphere,zeus,zeu-sk,
556,InnerSphere,mauler,mal-ko,
557,InnerSphere,kingcrab,kgc-kj,
558,InnerSphere,uziel,uzl-3ss,uzl-3s
559,InnerSphere,uziel,uzl-3s,
560,InnerSphere,uziel,uzl-2s,
561,InnerSphere,uziel,uzl-3p,
562,InnerSphere,uziel,uzl-5p,
563,InnerSphere,uziel,uzl-6p,
564,InnerSphere,uziel,uzl-be,
565,InnerSphere,annihilator,anh-2as,anh-2a
566,InnerSphere,annihilator,anh-2a,
567,InnerSphere,annihilator,anh-1a,
568,InnerSphere,annihilator,anh-1e,
569,InnerSphere,annihilator,anh-1x,
570,InnerSphere,annihilator,anh-1p,
571,InnerSphere,annihilator,anh-mb,
572,Clan,cougar,cou-primes,cou-prime
573,Clan,cougar,cou-prime,
574,Clan,cougar,cou-c,
575,Clan,cougar,cou-d,
576,Clan,cougar,cou-e,
577,Clan,cougar,cou-h,
578,Clan,cougar,cou-ba,
579,Clan,madcatmkii,mcii-1s,mcii-1
580,Clan,madcatmkii,mcii-1,
581,Clan,madcatmkii,mcii-2,
582,Clan,madcatmkii,mcii-4,
583,Clan,madcatmkii,mcii-a,
584,Clan,madcatmkii,mcii-b,
585,Clan,madcatmkii,mcii-ds,
586,Clan,mistlynx,mlx-ed,
587,Clan,arcticcheetah,ach-sh,
588,Clan,iceferret,ifr-rc,
589,Clan,shadowcat,shc-mi,
590,Clan,maddog,mdd-ba,
591,Clan,ebonjaguar,ebj-ec,
592,Clan,hellbringer,hbr-vi,
593,Clan,gargoyle,gar-kw,
594,Clan,executioner,exe-ch,
595,Clan,mistlynx,mlx-g,
596,Clan,arcticcheetah,ach-e,
597,Clan,iceferret,ifr-p,
598,Clan,shadowcat,shc-h,
599,Clan,maddog,mdd-h,
600,Clan,ebonjaguar,ebj-d,
601,Clan,hellbringer,hbr-p,
602,Clan,gargoyle,gar-e,
603,Clan,executioner,exe-e,
604,Clan,jenneriic,jr7-iic-fy,
605,Clan,hunchbackiic,hbk-iic-dw,
606,Clan,orioniic,on1-iic-sk,
607,Clan,highlanderiic,hgn-iic-kp,
608,InnerSphere,osiris,osr-3ds,osr-3d
609,InnerSphere,osiris,osr-3d,
610,InnerSphere,osiris,osr-4d,
611,InnerSphere,osiris,osr-1v,
612,InnerSphere,osiris,osr-2v,
613,InnerSphere,osiris,osr-1p,
614,InnerSphere,osiris,osr-se,
615,InnerSphere,nightstar,nsr-9js,nsr-9j
616,InnerSphere,nightstar,nsr-9j,
617,InnerSphere,nightstar,nsr-9fc,
618,InnerSphere,nightstar,nsr-9s,
619,InnerSphere,nightstar,nsr-9p,
620,InnerSphere,nightstar,nsr-10p,
621,InnerSphere,nightstar,nsr-wp,
622,Clan,arcticwolf,acw-primes,acw-prime
623,Clan,arcticwolf,acw-prime,
624,Clan,arcticwolf,acw-a,
625,Clan,arcticwolf,acw-p,
626,Clan,arcticwolf,acw-1,
627,Clan,arcticwolf,acw-2,
628,Clan,arcticwolf,acw-bk,
629,Clan,novacat,nct-primes,nct-prime
630,Clan,novacat,nct-prime,
631,Clan,novacat,nct-a,
632,Clan,novacat,nct-b,
633,Clan,novacat,nct-c,
634,Clan,novacat,nct-d,
635,Clan,novacat,nct-cc,
636,InnerSphere,thanatos,tns-4ss,thanatos,tns-4s
637,InnerSphere,thanatos,tns-4s,
638,InnerSphere,thanatos,tns-4p,
639,InnerSphere,thanatos,tns-5p,
640,InnerSphere,thanatos,tns-5s,
641,InnerSphere,thanatos,tns-5t,
642,InnerSphere,thanatos,tns-ha,
643,InnerSphere,urbanmech,um-r68l,um-r68
644,InnerSphere,griffin,grf-5ml,grf-5m
645,InnerSphere,victor,vtr-9a1l,vtr-9a1
646,Clan,kitfox,kfx-gl,kfx-g
647,Clan,linebacker,lbk-hl,lbk-h
648,InnerSphere,hellspawn,hsn-7ds,hsn-7d
649,InnerSphere,hellspawn,hsn-7d,
650,InnerSphere,hellspawn,hsn-8e,
651,InnerSphere,hellspawn,hsn-9f,
652,InnerSphere,hellspawn,hsn-7p,
653,InnerSphere,hellspawn,hsn-8p,
654,InnerSphere,hellspawn,hsn-7d2,
655,Clan,piranha,pir-1s,pir-1
656,Clan,piranha,pir-1,
657,Clan,piranha,pir-2,
658,Clan,piranha,pir-3,
659,Clan,piranha,pir-a,
660,Clan,piranha,pir-b,
661,Clan,piranha,pir-ci,
662,Clan,blacklanner,bkl-primes,bkl-prime
663,Clan,blacklanner,bkl-prime,
664,Clan,blacklanner,bkl-a,
665,Clan,blacklanner,bkl-c,
666,Clan,blacklanner,bkl-d,
667,Clan,blacklanner,bkl-e,
668,Clan,blacklanner,bkl-bl,
669,InnerSphere,urbanmech,um-r68,
670,InnerSphere,griffin,grf-5m,
671,InnerSphere,victor,vtr-9a1,
672,Clan,kitfox,kfx-g,
673,Clan,linebacker,lbk-h,
674,Clan,sunspider,sns-primes,sns-prime
675,Clan,sunspider,sns-prime,
676,Clan,sunspider,sns-a,
677,Clan,sunspider,sns-b,
678,Clan,sunspider,sns-c,
679,Clan,sunspider,sns-d,
680,Clan,sunspider,sns-ml,
681,Clan,sunspider,sns-vg,
682,InnerSphere,roughneck,rgh-ph,
683,InnerSphere,fafnir,fnr-5s,fnr-5
684,InnerSphere,fafnir,fnr-5,
685,InnerSphere,fafnir,fnr-5b,
686,InnerSphere,fafnir,fnr-6u,
687,InnerSphere,fafnir,fnr-5e,
688,InnerSphere,fafnir,fnr-6r,
689,InnerSphere,fafnir,fnr-wr,
690,InnerSphere,urbanmech,um-sc,
691,InnerSphere,firestarter,fs9-fs,
692,InnerSphere,griffin,grf-ar,
693,InnerSphere,rifleman,rfl-db,
694,InnerSphere,banshee,bnc-sr,
695,InnerSphere,atlas,as7-kr,
696,Clan,maddog,mdd-rv,
697,InnerSphere,nightstar,nsr-9pc,nsr-9p
698,InnerSphere,roughneck,rgh-1ac,rgh-1a
699,InnerSphere,bushwacker,bsw-s2c,bsw-s2
700,InnerSphere,assassin,asn-101c,asn-101
701,InnerSphere,osiris,osr-1vc,osr-1v
702,InnerSphere,uziel,uzl-3pc,uzl-3p
703,Clan,maddog,mdd-cc,mdd-c
704,Clan,bloodasp,bas-primes,bas-prime
705,Clan,bloodasp,bas-prime,
706,Clan,bloodasp,bas-a,
707,Clan,bloodasp,bas-b,
708,Clan,bloodasp,bas-c,
709,Clan,bloodasp,bas-d,
710,Clan,bloodasp,bas-ra,
711,InnerSphere,flea,fle-17s,fle-17
712,InnerSphere,flea,fle-17,
713,InnerSphere,flea,fle-15,
714,InnerSphere,flea,fle-19,
715,InnerSphere,flea,fle-20,
716,InnerSphere,flea,fle-fa,
717,InnerSphere,flea,fle-r5k,
718,Clan,hellfire,hlf-1s,hlf-1
719,Clan,hellfire,hlf-1,
720,Clan,hellfire,hlf-2,
721,Clan,hellfire,hlf-a,
722,Clan,hellfire,hlf-b,
723,Clan,hellfire,hlf-c,
724,Clan,hellfire,hlf-vo,
725,InnerSphere,vulcan,vl-2ts,vl-2t
726,InnerSphere,vulcan,vl-2t,
727,InnerSphere,vulcan,vl-5t,
728,InnerSphere,vulcan,vt-5m,
729,InnerSphere,vulcan,vt-5s,
730,InnerSphere,vulcan,vt-6m,
731,InnerSphere,vulcan,vl-bl,
732,Clan,incubus,inc-1s,inc-1
733,Clan,incubus,inc-1,
734,Clan,incubus,inc-2,
735,Clan,incubus,inc-3,
736,Clan,incubus,inc-4,
737,Clan,incubus,inc-5,
738,Clan,incubus,inc-sa,
739,InnerSphere,champion,chp-1ns,chp-1n
740,InnerSphere,champion,chp-1n,
741,InnerSphere,champion,chp-2n,
742,InnerSphere,champion,chp-3n,
743,InnerSphere,champion,chp-1n2,
744,InnerSphere,champion,chp-1nb,
745,InnerSphere,champion,chp-inv,
746,Clan,vaporeagle,vgl-1s,vgl-1
747,Clan,vaporeagle,vgl-1,
748,Clan,vaporeagle,vgl-2,
749,Clan,vaporeagle,vgl-3,
750,Clan,vaporeagle,vgl-4,
751,Clan,vaporeagle,vgl-a,
752,Clan,vaporeagle,vgl-ri,
753,InnerSphere,javelin,jvn-11fl,jvn-11f
754,InnerSphere,rifleman,rfl-8dl,rfl-8d
755,InnerSphere,warhammer,whm-4ll,whm-4l
756,Clan,nightgyr,ntg-hl,ntg-h
757,Clan,marauderiic,mad-iic2l,mad-iic2
758,InnerSphere,charger,cgr-1a1s,cgr-1a1
759,InnerSphere,charger,cgr-1a1,
760,InnerSphere,charger,cgr-1a5,
761,InnerSphere,charger,cgr-3k,
762,InnerSphere,charger,cgr-n7,
763,InnerSphere,hatamotochi,htm-27ts,htm-27t
764,InnerSphere,hatamotochi,htm-27t,
765,InnerSphere,hatamotochi,htm-27w,
766,InnerSphere,hatamotochi,htm-28tr,
767,InnerSphere,hatamotochi,htm-sg,
768,Clan,warhammeriic,whm-iics,whm-iic
769,Clan,warhammeriic,whm-iic,
770,Clan,warhammeriic,whm-iic-2,
771,Clan,warhammeriic,whm-iic-3,
772,Clan,warhammeriic,whm-iic-4,
773,Clan,warhammeriic,whm-iic-10,
774,Clan,warhammeriic,whm-iic-ml,
775,Clan,warhammeriic,whm-iic-bl,
776,InnerSphere,javelin,jvn-11f,
777,InnerSphere,rifleman,rfl-8d,
778,InnerSphere,warhammer,whm-4l,
779,Clan,nightgyr,ntg-h,
780,Clan,marauderiic,mad-iic2,
781,Clan,warhammeriic,whm-iic-a,
782,InnerSphere,corsair,cor-5rs,cor-5r
783,InnerSphere,corsair,cor-5r,
784,InnerSphere,corsair,cor-6r,
785,InnerSphere,corsair,cor-7a,
786,InnerSphere,corsair,cor-5t,
787,InnerSphere,corsair,cor-7r,
788,InnerSphere,corsair,cor-ra,
789,InnerSphere,corsair,cor-br,
790,InnerSphere,marauderii,mad-4as,mad-4a
791,InnerSphere,marauderii,mad-4a,
792,InnerSphere,marauderii,mad-4hp,
793,InnerSphere,marauderii,mad-5a,
794,InnerSphere,marauderii,mad-4l,
795,InnerSphere,marauderii,mad-6s,
796,InnerSphere,marauderii,mad-al,
797,Clan,riflemaniic,rfl-iics,rfl-iic
798,Clan,riflemaniic,rfl-iic,
799,Clan,riflemaniic,rfl-iic-2,
800,Clan,riflemaniic,rfl-iic-3,
801,Clan,riflemaniic,rfl-iic-4,
802,Clan,riflemaniic,rfl-iic-a,
803,Clan,riflemaniic,rfl-iic-ch,
804,InnerSphere,catapult,cplt-c2s,cplt-c2
805,InnerSphere,warhammer,whm-9ds,whm-9d
806,InnerSphere,marauder,mad-9ms,mad-9m
807,InnerSphere,kingcrab,kgc-001s,kgc-001
808,InnerSphere,dervish,dv-6ms,dv-6m
809,InnerSphere,dervish,dv-6m,
810,InnerSphere,dervish,dv-7d,
811,InnerSphere,dervish,dv-8d,
812,InnerSphere,dervish,dv-6mr,
813,InnerSphere,dervish,dv-7p,
814,InnerSphere,dervish,dv-fr,
815,InnerSphere,catapult,cplt-c2,
816,InnerSphere,warhammer,whm-9d,
817,InnerSphere,marauder,mad-9m,
818,InnerSphere,kingcrab,kgc-001,
819,InnerSphere,locust,lct-1vs,lct-1v
820,InnerSphere,shadowhawk,shd-2hs,shd-2h
821,InnerSphere,thunderbolt,tdr-5sspec,tdr-5s
822,InnerSphere,battlemaster,blr-1gs,blr-1g
823,InnerSphere,griffin,grf-1ns,grf-1n
824,InnerSphere,wolverine,wvr-6rs,wvr-6r
825,InnerSphere,urbanmech,um-r60ls,um-r60l
826,InnerSphere,phoenixhawk,pxh-1ks,pxh-1k
827,InnerSphere,thunderbolt,tdr-10ses,tdr-10se
828,InnerSphere,dragon,drg-1gs,drg-1g
829,InnerSphere,thunderbolt,tdr-10se,
830,InnerSphere,dragon,drg-1g,
831,Clan,timberwolf,tbr-bhs,tbr-bh
832,Clan,direwolf,dwf-cs,dwf-c
833,Clan,timberwolf,tbr-bh,
834,Clan,direwolf,dwf-c,
835,InnerSphere,phoenixhawk,pxh-7s,
836,InnerSphere,phoenixhawk,pxh-7ss,pxh-7s
837,InnerSphere,stalker,stk-7d,
838,InnerSphere,stalker,stk-7ds,stk-7d
839,InnerSphere,urbanmech,um-r80,
840,InnerSphere,urbanmech,um-r80l,um-r80
841,Clan,viper,vpr-f,
842,Clan,viper,vpr-fl,vpr-f
843,InnerSphere,atlas,as7-k3,
844,InnerSphere,atlas,as7-k3l,as7-k3
845,Clan,nightgyr,ntg-dcs,ntg-d
846,InnerSphere,roughneck,rgh-blt,
847,Clan,sunspider,sns-amb,
848,InnerSphere,mauler,mal-2ps,mal-2p
849,Clan,marauderiic,mad-iic-as,mad-iic-a
850,Clan,bloodasp,bas-e,
851,Clan,bloodasp,bas-es,bas-e
852,Clan,shadowcat,shc-d,
853,Clan,shadowcat,shc-ds,shc-d
854,Clan,incubus,inc-5c,inc-5
855,Clan,kitfox,kfx-dc,kfx-d
856,InnerSphere,flea,fle-17c,fle-17
857,InnerSphere,javelin,jvn-11ac,jvn-11a
858,Clan,huntsman,hmn-primec,hmn-prime
859,Clan,vaporeagle,vgl-2c,vgl-2
860,InnerSphere,dervish,dv-7dc,dv-7d
861,InnerSphere,vulcan,vl-5tc,vl-5t
862,Clan,linebacker,lbk-hc,lbk-h
863,Clan,summoner,smn-dc,smn-d
864,InnerSphere,archer,arc-2rc,arc-2r
865,InnerSphere,marauder,mad-9mc,mad-9m
866,Clan,bloodasp,bas-ac,bas-a
867,Clan,marauderiic,mad-iicc,mad-iic
868,InnerSphere,annihilator,anh-1ac,anh-1a
869,InnerSphere,cyclops,cp-10-qc,cp-10-q
870,InnerSphere,atlas,as7-d-dcp,as7-d-dc
871,InnerSphere,catapult,cplt-k2p,cplt-k2
872,InnerSphere,hunchback,hbk-4pp,hbk-4p
873,InnerSphere,jenner,jr7-fpjr7-f
874,Clan,jenneriic,jr7-iic-ap,jr7-iic-a
875,Clan,hunchbackiic,hbk-iic-bp,hbk-iic-b
876,Clan,orioniic,on1-iic-ap,on1-iic-a
877,Clan,highlanderiic,hgn-iic-bp,hgn-iic-b
878,Clan,kitfox,kfx-p
879,Clan,kitfox,kfx-ps,kfx-p
880,Clan,summoner,smn-g
881,Clan,summoner,smn-gs,smn-g
885,InnerSphere,wolfhound,wlf-1ap,wlf-1a
886,InnerSphere,crab,crb-27slp,crb-27sl
887,InnerSphere,blackknight,bl-6b-kntp,bl-6b-knt
888,InnerSphere,mauler,mal-mx90p,mal-mx90
889,Clan,cougar,cou-hp,cou-h
890,Clan,arcticwolf,acw-ap,acw-a
891,Clan,novacat,nct-bp,nct-b
892,Clan,madcatmkii,mcii-bp,mcii-b
893,InnerSphere,crusader,crd-3rs,crd-3r
894,InnerSphere,crusader,crd-3r,
895,InnerSphere,crusader,crd-5k,
896,InnerSphere,crusader,crd-5m,
897,InnerSphere,crusader,crd-6t,
898,InnerSphere,crusader,crd-7l,
899,InnerSphere,crusader,crd-cr,
900,InnerSphere,spider,sdr-5dp,sdr-5d
901,InnerSphere,cicada,cda-3mp,cda-3m
902,InnerSphere,jagermech,jm6-ddp,jm6-dd
903,InnerSphere,kingcrab,kgc-000p,kgc-000
904,Clan,incubus,inc-4p,inc-4
905,Clan,vaporeagle,vgl-3p,vgl-3
906,Clan,hellfire,hlf-ap,hlf-a
907,Clan,kodiak,kdk-3p,kdk-3
908,InnerSphere,panther,pnt-9rp,pnt-9r
909,InnerSphere,bushwacker,bsw-x2p,bsw-x2
910,InnerSphere,grasshopper,ghr-5pp,ghr-5p
911,InnerSphere,annihilator,anh-1xp,anh-1x
912,Clan,mistlynx,mlx-gp,mlx-g
913,Clan,stormcrow,scr-bp,scr-b
914,Clan,hellbringer,hbr-bp,hbr-b
915,Clan,gargoyle,gar-ep,gar-e
916,InnerSphere,commando,com-1bp,com-1b
917,InnerSphere,centurion,cn9-dp,cn9-d
918,InnerSphere,orion,on1-kp,on1-k
919,InnerSphere,marauderii,mad-6sp,mad-6s
920,Clan,adder,adr-ap,adr-a
921,Clan,shadowcat,shc-bp,shc-b
922,Clan,timberwolf,tbr-sp,tbr-s
923,Clan,supernova,snv-bp,snv-b
924,InnerSphere,warhammer,whm-7sp,whm-7s
925,InnerSphere,marauder,mad-5mp,mad-5m
926,InnerSphere,rifleman,rfl-5dp,rfl-5d
927,InnerSphere,archer,arc-5wp,arc-5w
928,Clan,warhammeriic,whm-iic-ap,whm-iic-a
929,Clan,marauderiic,mad-iic-dp,mad-iic-d
930,Clan,riflemaniic,rfl-iic-2p,rfl-iic-2
931,Clan,maddog,mdd-cp,mdd-c
932,InnerSphere,raven,rvn-2xp,rvn-2x
933,InnerSphere,blackjack,bj-3p,bj-3
934,InnerSphere,thanatos,tns-5sp,tns-5s
935,InnerSphere,fafnir,fnr-5bp,fnr-5b
936,Clan,piranha,pir-2p,pir-2
937,Clan,iceferret,ifr-pp,ifr-p
938,Clan,ebonjaguar,ebj-ap,ebj-a
939,Clan,bloodasp,bas-bp,bas-b
940,InnerSphere,trebuchet,tbt-7kp,tbt-7k
941,InnerSphere,assassin,asn-27p,asn-27
942,InnerSphere,hellspawn,hsn-8pp,hsn-8p
943,InnerSphere,stalker,stk-5mp,stk-5m
944,Clan,arcticcheetah,ach-ep,ach-e
945,Clan,blacklanner,bkl-dp,bkl-d
946,Clan,nightgyr,ntg-cp,ntg-c
947,Clan,warhawk,whk-bp,whk-b
948,InnerSphere,urbanmech,um-r60p,um-r60
949,InnerSphere,enforcer,enf-4pp,enf-4p
950,InnerSphere,dragon,drg-1cp,drg-1c
951,InnerSphere,cyclops,cp-11-pp,cp-11-p
952,InnerSphere,phoenixhawk,pxh-1bp,pxh-1b
953,InnerSphere,crusader,crd-6tp,crd-6t
954,InnerSphere,roughneck,rgh-3ap,rgh-3a
955,InnerSphere,corsair,cor-7ap,cor-7a
956,Clan,kitfox,kfx-dp,kfx-d
957,Clan,viper,vpr-bp,vpr-b
958,Clan,linebacker,lbk-dp,lbk-d
959,Clan,executioner,exe-ap,exe-a
960,Clan,huntsman,hmn-pp,hmn-p
961,Clan,sunspider,sns-dp,sns-d
968,InnerSphere,locust,lct-3sp,lct-3s
969,InnerSphere,shadowhawk,shd-2kp,shd-2k
970,InnerSphere,thunderbolt,tdr-9sp,tdr-9s
971,InnerSphere,battlemaster,blr-3mp,blr-3m
972,InnerSphere,wolverine,wvr-7kp,wvr-7k
973,InnerSphere,griffin,grf-2np,grf-2n
974,Clan,nova,nva-ap,nva-a
975,Clan,summoner,smn-bp,smn-b
976,Clan,direwolf,dwf-ap,dwf-a
977,InnerSphere,stalker,stk-5scs,stk-5s
978,Clan,orioniic,on1-iic-cs,on1-iic-c
979,InnerSphere,banshee,bnc-3es,bnc-3e
962,InnerSphere,hatchetman,hct-3f,
963,InnerSphere,hatchetman,hct-5s,
964,InnerSphere,hatchetman,hct-6d,
965,InnerSphere,hatchetman,hct-5k,
966,InnerSphere,hatchetman,hct-7r,
967,InnerSphere,hatchetman,hct-tm,
980,InnerSphere,fafnir,fnr-jlgd,fnr-j
981,InnerSphere,firestarter,fs9-ap,fs9-a
982,InnerSphere,javelin,jvn-10pp,jvn-10p
983,InnerSphere,vulcan,vt-5sp,vt-5s
984,InnerSphere,dervish,dv-6mrp,dv-6mr
985,InnerSphere,kintaro,kto-19p,kto-19
986,InnerSphere,champion,chp-3np,chp-3n
987,InnerSphere,awesome,aws-8qp,aws-8q
988,InnerSphere,highlander,hgn-732bp,hgn-732b
989,InnerSphere,victor,vtr-9bp,vtr-9b
991,InnerSphere,banshee,bnc-3sp,bnc-3s
992,InnerSphere,hatchetman,hct-7rp,hct-7r
993,InnerSphere,osiris,osr-4dp,osr-4d
994,InnerSphere,flea,fle-20p,fle-20
995,InnerSphere,vindicator,vnd-1xp,vnd-1x
882,InnerSphere,uziel,uzl-6pp,uzl-6p
883,InnerSphere,cataphract,ctf-4xp,ctf-4x
884,InnerSphere,quickdraw,qkd-5kp,qkd-5k
3601,InnerSphere,zeus,zeu-9sp,zeu-9s
3602,InnerSphere,nightstar,nsr-10pp,nsr-10p
3603,InnerSphere,charger,cgr-3kp,cgr-3k
3604,InnerSphere,hatamotochi,htm-27wp,htm-27w
990,InnerSphere,atlas,as7-d-dc-escort,
996,InnerSphere,jenner,jr7-d-founder,jr7-d
997,InnerSphere,catapult,cplt-c1-founder,cplt-c1
998,InnerSphere,hunchback,hbk-4g-founder,hbk-4g
999,InnerSphere,atlas,as7-d-founder,as7-d
3605,Clan,madcatmkii,mcii-mwklgd,mcii-mwk
3606,Clan,marauderiic,mad-iic-dnlgd,mad-iic-dn
3607,InnerSphere,shadowhawk,shd-slgd,shd-s
3608,InnerSphere,cyclops,cp-arlgd,cp-ar
3609,Clan,supernova,snv-srlgd,snv-sr
3610,InnerSphere,quickdraw,qkd-dlgd,qkd-d
3611,Clan,timberwolf,tbr-hlgd,,tbr-h
3612,Clan,clanannihilator,anh-gzlgd,,anh-gz
3613,InnerSphere,annihilator,anh-sclgd,,anh-sc
3614,Clan,stonerhino,sr-1,
3615,Clan,stonerhino,sr-2,
3616,Clan,stonerhino,sr-3,
3617,Clan,stonerhino,sr-4,
3618,Clan,stonerhino,sr-6,
3619,Clan,stonerhino,sr-7,
3620,Clan,stonerhino,sr-k,
3621,Clan,stonerhino,sr-6s,sr-6
3622,Clan,viper,vpr-dilgd,vpr-di
3623,Clan,timberwolf,tbr-scs,tbr-sc
3624,Clan,executioner,exe-mtsp,exe-m
3625,InnerSphere,stalker,stk-wulgd,stk-wu
3626,InnerSphere,atlas,as7-wlgd,as7-w
3627,Clan,urbanmechiic,um-iiclgd,um-iic
3628,Clan,urbanmechiic,um-iic-2lgd,um-iic-2
3655,Clan,vaporeagle,vgl-gwlgd,vgl-gw
3656,InnerSphere,marauder,mad-blgd,mad-b
3665,InnerSphere,centurion,cn9-onlgd,cn9-on
3670,Clan,stonerhino,sr-aklgd,sr-ak
3671,InnerSphere,commando,com-d03h,
3672,InnerSphere,longbow,lgb-ohlgd,lgb-oh
3673,InnerSphere,warhammer,whm-6rh,whm-6r
3676,InnerSphere,victor,vtr-9b-lilgd,vtr-9b-li
3677,Clan,executioner,exe-b-clgd,exe-b-c
3629,InnerSphere,firestarter,fs9-at,fs9-a
3630,InnerSphere,javelin,jvn-10pt,jvn-10p
3631,Clan,incubus,inc-1t,inc-1
3632,Clan,mistlynx,mlx-gt,mlx-g
3633,InnerSphere,bushwacker,bsw-p2t,bsw-p2
3634,InnerSphere,wolverine,wvr-7dt,wvr-7d
3635,Clan,huntsman,hmn-bt,hmn-b
3636,Clan,hunchbackiic,hbk-iic-at,hbk-iic-a
3637,InnerSphere,warhammer,whm-7st,whm-7s
3638,InnerSphere,thunderbolt,tdr-9st,tdr-9s
3639,Clan,riflemaniic,rfl-iic-2t,rfl-iic-2
3640,Clan,nightgyr,ntg-ht,ntg-h
3641,InnerSphere,stalker,stk-4nt,stk-4n
3642,InnerSphere,fafnir,fnr-5t,fnr-5
3643,Clan,madcatmkii,mcii-2t,mcii-2
3644,Clan,direwolf,dwf-bt,dwf-b
3645,InnerSphere,fafnir,fnr-j,
3646,Clan,madcatmkii,mcii-mwk,
3657,InnerSphere,shadowhawk,shd-s,
3658,Clan,marauderiic,mad-iic-dn,
3668,InnerSphere,cyclops,cp-ar,
3669,Clan,supernova,snv-sr,
3674,InnerSphere,quickdraw,qkd-d,
3675,Clan,timberwolf,tbr-h,
3678,Clan,clanannihilator,anh-gz,
3679,InnerSphere,annihilator,anh-sc,
3680,Clan,executioner,exe-m,
3659,Clan,adder,adr-wl,adr-w
3660,Clan,iceferret,ifr-jl,ifr-j
3661,InnerSphere,urbanmech,um-rl,um-r
3662,InnerSphere,jenner,jr7-al,jr7-a
3663,InnerSphere,jagermech,jm6-del,jm6-de
3664,Clan,clanwolfhound,wlf-cl,wlf-c
3666,Clan,stonerhino,sr-1p,sr-1
3667,Clan,piranha,pir-dl,pir-d
3647,InnerSphere,longbow,lgb-10c,
3648,InnerSphere,longbow,lgb-12rs,lgb-12r
3649,InnerSphere,longbow,lgb-10k,
3650,InnerSphere,longbow,lgb-12c,
3651,InnerSphere,longbow,lgb-12r,
3652,InnerSphere,longbow,lgb-7v,
3653,InnerSphere,longbow,lgb-13nais,
3654,InnerSphere,longbow,lgb-oc,