id,faction,chassis,name,alias,weight,weight class,tags
1,InnerSphere,hunchback,hbk-4g,,50,Medium,
2,InnerSphere,hunchback,hbk-4p,,50,Medium,
3,InnerSphere,jenner,jr7-d,,35,Light,
4,InnerSphere,jenner,jr7-f,,35,Light,
5,InnerSphere,commando,com-2d,,25,Light,
6,InnerSphere,commando,com-3a,,25,Light,
7,InnerSphere,centurion,cn9-a,,50,Medium,
8,InnerSphere,centurion,cn9-ah,,50,Medium,
9,InnerSphere,hunchback,hbk-4h,,50,Medium,
10,InnerSphere,dragon,drg-1n,,60,Heavy,
11,InnerSphere,dragon,drg-1c,,60,Heavy,
12,InnerSphere,catapult,cplt-c1,,65,Heavy,
13,InnerSphere,catapult,cplt-a1,,65,Heavy,
14,InnerSphere,awesome,aws-8q,,80,Assault,
15,InnerSphere,awesome,aws-8r,,80,Assault,
16,InnerSphere,atlas,as7-d,,100,Assault,
17,InnerSphere,atlas,as7-d-dc,,100,Assault,
18,InnerSphere,atlas,as7-rs,,100,Assault,
19,InnerSphere,catapult,cplt-k2,,65,Heavy,
20,InnerSphere,jenner,jr7-k,,35,Light,
21,InnerSphere,hunchback,hbk-4j,,50,Medium,
22,InnerSphere,hunchback,hbk-4sp,,50,Medium,
23,InnerSphere,dragon,drg-5n,,60,Heavy,
24,InnerSphere,catapult,cplt-c4,,65,Heavy,
25,InnerSphere,atlas,as7-k,,100,Assault,
26,InnerSphere,commando,com-1b,,25,Light,
27,InnerSphere,commando,com-1d,,25,Light,
28,InnerSphere,centurion,cn9-al,,50,Medium,
29,InnerSphere,centurion,cn9-d,,50,Medium,
30,InnerSphere,awesome,aws-8t,,80,Assault,
31,InnerSphere,awesome,aws-8v,,80,Assault,
32,InnerSphere,awesome,aws-9m,,80,Assault,
33,InnerSphere,raven,rvn-3l,,35,Light,
34,InnerSphere,raven,rvn-2x,,35,Light,
35,InnerSphere,raven,rvn-4x,,35,Light,
36,InnerSphere,cicada,cda-3m,,40,Medium,
37,InnerSphere,cicada,cda-2a,,40,Medium,
38,InnerSphere,cicada,cda-2b,,40,Medium,
39,InnerSphere,cicada,cda-3c,,40,Medium,
40,InnerSphere,cataphract,ctf-3d,,70,Heavy,
41,InnerSphere,cataphract,ctf-1x,,70,Heavy,
42,InnerSphere,cataphract,ctf-2x,,70,Heavy,
43,InnerSphere,cataphract,ctf-3l,,70,Heavy,
44,InnerSphere,cataphract,ctf-4x,,70,Heavy,
45,InnerSphere,centurion,cn9-ylw,,50,Medium,hero
46,InnerSphere,stalker,stk-5m,,85,Assault,
47,InnerSphere,stalker,stk-3f,,85,Assault,
48,InnerSphere,stalker,stk-3h,,85,Assault,
49,InnerSphere,stalker,stk-4n,,85,Assault,
50,InnerSphere,stalker,stk-5s,,85,Assault,
51,InnerSphere,spider,sdr-5v,,30,Light,
52,InnerSphere,spider,sdr-5d,,30,Light,
53,InnerSphere,spider,sdr-5k,,30,Light,
54,InnerSphere,cataphract,ctf-im,,70,Heavy,hero
55,InnerSphere,dragon,drg-fang,,60,Heavy,hero
56,InnerSphere,dragon,drg-flame,,60,Heavy,hero
57,InnerSphere,commando,com-tdk,,25,Light,hero
58,InnerSphere,awesome,aws-pb,,80,Assault,hero
59,InnerSphere,trebuchet,tbt-7m,,50,Medium,
60,InnerSphere,trebuchet,tbt-3c,,50,Medium,
61,InnerSphere,trebuchet,tbt-5j,,50,Medium,
62,InnerSphere,trebuchet,tbt-5n,,50,Medium,
63,InnerSphere,trebuchet,tbt-7k,,50,Medium,
64,InnerSphere,cicada,cda-x5,,40,Medium,hero
65,InnerSphere,jagermech,jm6-dd,,65,Heavy,
66,InnerSphere,jagermech,jm6-a,,65,Heavy,
67,InnerSphere,jagermech,jm6-s,,65,Heavy,
69,InnerSphere,highlander,hgn-hm,,90,Assault,hero
70,InnerSphere,highlander,hgn-732,,90,Assault,
71,InnerSphere,highlander,hgn-733,,90,Assault,
72,InnerSphere,highlander,hgn-733c,,90,Assault,
73,InnerSphere,highlander,hgn-733p,,90,Assault,
74,InnerSphere,dragon,drg-5nc,drg-5n,60,Heavy,champion
75,InnerSphere,stalker,stk-m,,85,Assault,hero
76,InnerSphere,jenner,jr7-fc,jr7-f,35,Light,champion
77,InnerSphere,blackjack,bj-1,,45,Medium,
78,InnerSphere,blackjack,bj-1dc,,45,Medium,
79,InnerSphere,blackjack,bj-1x,,45,Medium,
80,InnerSphere,blackjack,bj-3,,45,Medium,
81,InnerSphere,jagermech,jm6-fb,,65,Heavy,hero
82,InnerSphere,quickdraw,qkd-4g,,60,Heavy,
83,InnerSphere,quickdraw,qkd-4h,,60,Heavy,
84,InnerSphere,quickdraw,qkd-5k,,60,Heavy,
85,InnerSphere,hunchback,hbk-4pc,hbk-4p,50,Medium,champion
86,InnerSphere,jenner,jr7-ds,jr7-d,35,Light,special
87,InnerSphere,victor,vtr-ds,,80,Assault,hero
88,InnerSphere,victor,vtr-9k,,80,Assault,
89,InnerSphere,victor,vtr-9b,,80,Assault,
90,InnerSphere,victor,vtr-9s,,80,Assault,
91,InnerSphere,catapult,cplt-a1c,cplt-a1,65,Heavy,champion
92,InnerSphere,atlas,as7-rsc,as7-rs,100,Assault,champion
93,InnerSphere,kintaro,kto-gb,,55,Medium,hero
94,InnerSphere,kintaro,kto-20,,55,Medium,
95,InnerSphere,kintaro,kto-18,,55,Medium,
96,InnerSphere,kintaro,kto-19,,55,Medium,
97,InnerSphere,orion,on1-p,,75,Heavy,hero
98,InnerSphere,orion,on1-m,,75,Heavy,
99,InnerSphere,orion,on1-k,,75,Heavy,
100,InnerSphere,orion,on1-v,,75,Heavy,
101,InnerSphere,orion,on1-va,,75,Heavy,
102,InnerSphere,centurion,cn9-ac,cn9-a,50,Medium,champion
103,InnerSphere,atlas,as7-bh,,100,Assault,hero
104,InnerSphere,spider,sdr-5kc,sdr-5k,30,Light,champion
105,InnerSphere,locust,lct-1vp,lct-1v,20,Light,special
106,InnerSphere,locust,lct-1v,,20,Light,
107,InnerSphere,locust,lct-3m,,20,Light,
108,InnerSphere,locust,lct-3s,,20,Light,
109,InnerSphere,shadowhawk,shd-2hp,shd-2h,55,Medium,special
110,InnerSphere,shadowhawk,shd-2h,,55,Medium,
111,InnerSphere,shadowhawk,shd-2d2,,55,Medium,
112,InnerSphere,shadowhawk,shd-5m,,55,Medium,
113,InnerSphere,thunderbolt,tdr-5sp,tdr-5s,65,Heavy,special
114,InnerSphere,thunderbolt,tdr-5s,,65,Heavy,
115,InnerSphere,thunderbolt,tdr-5ss,,65,Heavy,
116,InnerSphere,thunderbolt,tdr-9se,,65,Heavy,
117,InnerSphere,battlemaster,blr-1gp,blr-1g,85,Assault,special
118,InnerSphere,battlemaster,blr-1g,,85,Assault,
119,InnerSphere,battlemaster,blr-1d,,85,Assault,
120,InnerSphere,battlemaster,blr-1s,,85,Assault,
121,InnerSphere,catapult,cplt-j,,65,Heavy,hero
122,InnerSphere,blackjack,bj-1c,bj-1,45,Medium,champion
123,InnerSphere,jenner,jr7-o,,35,Light,hero
124,InnerSphere,highlander,hgn-733cc,hgn-733c,90,Assault,champion
125,InnerSphere,griffin,grf-1np,grf-1n,25,Light,special
126,InnerSphere,griffin,grf-1n,,25,Light,
127,InnerSphere,griffin,grf-1s,,25,Light,
128,InnerSphere,griffin,grf-3m,,25,Light,
129,InnerSphere,wolverine,wvr-6rp,wvr-6r,55,Medium,special
130,InnerSphere,wolverine,wvr-6r,,55,Medium,
131,InnerSphere,wolverine,wvr-6k,,55,Medium,
132,InnerSphere,wolverine,wvr-7k,,55,Medium,
133,InnerSphere,hunchback,hbk-gi,,50,Medium,hero
134,InnerSphere,cicada,cda-2ac,cda-2a,40,Medium,champion
135,InnerSphere,hunchback,hbk-gi2,hbk-gi,50,Medium,hero
136,InnerSphere,stalker,stk-3fc,stk-3f,85,Assault,champion
137,InnerSphere,firestarter,fs9-e,,35,Light,hero
138,InnerSphere,firestarter,fs9-s,,35,Light,
139,InnerSphere,firestarter,fs9-a,,35,Light,
140,InnerSphere,firestarter,fs9-h,,35,Light,
141,InnerSphere,firestarter,fs9-k,,35,Light,
142,InnerSphere,cataphract,ctf-3dc,ctf-3d,70,Heavy,champion
143,InnerSphere,banshee,bnc-lm,,95,Assault,hero
144,InnerSphere,banshee,bnc-3e,,95,Assault,
145,InnerSphere,banshee,bnc-3m,,95,Assault,
146,InnerSphere,banshee,bnc-3s,,95,Assault,
147,InnerSphere,victor,vtr-9sc,vtr-9s,80,Assault,champion
148,InnerSphere,raven,rvn-h,,35,Light,hero
149,InnerSphere,battlemaster,blr-3m,,85,Assault,
150,InnerSphere,battlemaster,blr-3s,,85,Assault,
151,InnerSphere,locust,lct-1e,,20,Light,
152,InnerSphere,locust,lct-1m,,20,Light,
153,InnerSphere,shadowhawk,shd-2d,,55,Medium,
154,InnerSphere,shadowhawk,shd-2k,,55,Medium,
155,InnerSphere,thunderbolt,tdr-9s,,65,Heavy,
156,InnerSphere,orion,on1-kc,on1-k,75,Heavy,champion
157,InnerSphere,trebuchet,tbt-lg,,50,Medium,hero
158,InnerSphere,quickdraw,qkd-iv4,,60,Heavy,hero
159,InnerSphere,blackjack,bj-a,,45,Medium,hero
160,InnerSphere,firestarter,fs9-sc,fs9-s,35,Light,champion
161,InnerSphere,shadowhawk,shd-2hc,shd-2h,55,Medium,champion
162,Clan,timberwolf,tbr-primei,tbr-prime,75,Heavy,special
163,Clan,timberwolf,tbr-prime,,75,Heavy,
164,Clan,timberwolf,tbr-c,,75,Heavy,
165,Clan,timberwolf,tbr-s,,75,Heavy,
166,Clan,adder,adr-primei,adr-prime,35,Light,special
167,Clan,adder,adr-prime,,35,Light,
168,Clan,adder,adr-a,,35,Light,
169,Clan,adder,adr-d,,35,Light,
170,Clan,direwolf,dwf-primei,dwf-prime,100,Assault,special
171,Clan,direwolf,dwf-prime,,100,Assault,
172,Clan,direwolf,dwf-a,,100,Assault,
173,Clan,direwolf,dwf-b,,100,Assault,
174,Clan,kitfox,kfx-primei,kfx-prime,30,Light,special
175,Clan,kitfox,kfx-prime,,30,Light,
176,Clan,kitfox,kfx-d,,30,Light,
177,Clan,kitfox,kfx-s,,30,Light,
178,Clan,nova,nva-primei,nva-prime,50,Medium,special
179,Clan,nova,nva-prime,,50,Medium,
180,Clan,nova,nva-b,,50,Medium,
181,Clan,nova,nva-s,,50,Medium,
182,Clan,stormcrow,scr-primei,scr-prime,55,Medium,special
183,Clan,stormcrow,scr-prime,,55,Medium,
184,Clan,stormcrow,scr-c,,55,Medium,
185,Clan,stormcrow,scr-d,,55,Medium,
186,Clan,summoner,smn-primei,smn-prime,70,Heavy,special
187,Clan,summoner,smn-prime,,70,Heavy,
188,Clan,summoner,smn-b,,70,Heavy,
189,Clan,summoner,smn-d,,70,Heavy,
190,Clan,warhawk,whk-primei,whk-prime,85,Assault,special
191,Clan,warhawk,whk-prime,,85,Assault,
192,Clan,warhawk,whk-a,,85,Assault,
193,Clan,warhawk,whk-b,,85,Assault,
194,Clan,timberwolf,tbr-primeg,tbr-prime,75,Heavy,special
195,Clan,adder,adr-primeg,adr-prime,35,Light,special
196,Clan,direwolf,dwf-primeg,dwf-prime,100,Assault,special
197,Clan,kitfox,kfx-primeg,kfx-prime,30,Light,special
198,Clan,nova,nva-primeg,nva-prime,50,Medium,special
199,Clan,stormcrow,scr-primeg,scr-prime,55,Medium,special
200,Clan,summoner,smn-primeg,smn-prime,70,Heavy,special
201,Clan,warhawk,whk-primeg,whk-prime,85,Assault,special
202,InnerSphere,kintaro,kto-18c,kto-18,55,Medium,champion
203,InnerSphere,spider,sdr-a,,30,Light,hero
204,InnerSphere,battlemaster,blr-1ghe,,85,Assault,hero
205,InnerSphere,vindicator,vnd-1sib,,45,Medium,hero
206,InnerSphere,vindicator,vnd-1r,,45,Medium,
207,InnerSphere,vindicator,vnd-1aa,,45,Medium,
208,InnerSphere,vindicator,vnd-1x,,45,Medium,
209,InnerSphere,quickdraw,qkd-4gc,qkd-4g,60,Heavy,champion
210,InnerSphere,griffin,grf-1e,,25,Light,hero
211,Clan,maddog,mdd-primei,mdd-prime,60,Heavy,special
212,Clan,maddog,mdd-prime,,60,Heavy,
213,Clan,maddog,mdd-a,,60,Heavy,
214,Clan,maddog,mdd-b,,60,Heavy,
215,InnerSphere,trebuchet,tbt-7mc,tbt-7m,50,Medium,champion
216,InnerSphere,atlas,as7-s,,100,Assault,
217,InnerSphere,thunderbolt,tdr-9sec,tdr-9se,65,Heavy,champion
218,Clan,iceferret,ifr-primei,ifr-prime,45,Medium,special
219,Clan,iceferret,ifr-prime,,45,Medium,
220,Clan,iceferret,ifr-a,,45,Medium,
221,Clan,iceferret,ifr-c,,45,Medium,
222,InnerSphere,locust,lct-pb,,20,Light,hero
223,InnerSphere,shadowhawk,shd-gd,,55,Medium,hero
224,Clan,mistlynx,mlx-primei,mlx-prime,25,Light,special
225,Clan,mistlynx,mlx-prime,,25,Light,
226,Clan,mistlynx,mlx-b,,25,Light,
227,Clan,mistlynx,mlx-c,,25,Light,
228,InnerSphere,raven,rvn-3lc,rvn-3l,35,Light,champion
229,Clan,hellbringer,hbr-primei,hbr-prime,65,Heavy,special
230,Clan,hellbringer,hbr-prime,,65,Heavy,
231,Clan,hellbringer,hbr-a,,65,Heavy,
232,Clan,hellbringer,hbr-b,,65,Heavy,
233,Clan,gargoyle,gar-primei,gar-prime,80,Assault,special
234,Clan,gargoyle,gar-prime,,80,Assault,
235,Clan,gargoyle,gar-a,,80,Assault,
236,Clan,gargoyle,gar-d,,80,Assault,
237,InnerSphere,kingcrab,kgc-000l,kgc-000,100,Assault,special
238,InnerSphere,kingcrab,kgc-000,,100,Assault,
239,InnerSphere,kingcrab,kgc-0000,,100,Assault,
240,InnerSphere,kingcrab,kgc-000b,,100,Assault,
241,InnerSphere,atlas,as7-s-std,as7-s,100,Assault,
242,InnerSphere,centurion,cn9-ah-std,cn9-ah,50,Medium,
243,InnerSphere,panther,pnt-10kr,pnt-10k,35,Light,special
244,InnerSphere,panther,pnt-10k,,35,Light,
245,InnerSphere,panther,pnt-8z,,35,Light,
246,InnerSphere,panther,pnt-9r,,35,Light,
247,InnerSphere,enforcer,enf-5dr,enf-5d,50,Medium,special
248,InnerSphere,enforcer,enf-5d,,50,Medium,
249,InnerSphere,enforcer,enf-4r,,50,Medium,
250,InnerSphere,enforcer,enf-5p,,50,Medium,
251,InnerSphere,banshee,bnc-3mc,bnc-3m,95,Assault,champion
252,InnerSphere,grasshopper,ghr-5jr,ghr-5j,70,Heavy,special
253,InnerSphere,grasshopper,ghr-5j,,70,Heavy,
254,InnerSphere,grasshopper,ghr-5h,,70,Heavy,
255,InnerSphere,grasshopper,ghr-5n,,70,Heavy,
256,InnerSphere,zeus,zeu-6sr,zeu-6s,80,Assault,special
257,InnerSphere,zeus,zeu-6s,,80,Assault,
258,InnerSphere,zeus,zeu-6t,,80,Assault,
259,InnerSphere,zeus,zeu-9s,,80,Assault,
260,Clan,adder,adr-b,,35,Light,
261,Clan,direwolf,dwf-s,,100,Assault,
262,Clan,gargoyle,gar-c,,80,Assault,
263,Clan,iceferret,ifr-d,,45,Medium,
264,Clan,kitfox,kfx-c,,30,Light,
265,Clan,maddog,mdd-c,,60,Heavy,
266,Clan,mistlynx,mlx-a,,25,Light,
267,Clan,nova,nva-a,,50,Medium,
268,Clan,stormcrow,scr-a,,55,Medium,
269,Clan,summoner,smn-c,,70,Heavy,
270,Clan,timberwolf,tbr-d,,75,Heavy,
271,Clan,warhawk,whk-c,,85,Assault,
272,InnerSphere,griffin,grf-1sc,grf-1s,25,Light,champion
273,InnerSphere,wolverine,wvr-6kc,wvr-6k,55,Medium,champion
274,InnerSphere,urbanmech,um-r63s,um-r63,30,Light,special
275,InnerSphere,urbanmech,um-r63,,30,Light,
276,InnerSphere,urbanmech,um-r60,,30,Light,
277,InnerSphere,urbanmech,um-r60l,,30,Light,
278,InnerSphere,jagermech,jm6-ac,jm6-a,65,Heavy,champion
279,Clan,ebonjaguar,ebj-primei,ebj-prime,65,Heavy,special
280,Clan,ebonjaguar,ebj-prime,,65,Heavy,
281,Clan,ebonjaguar,ebj-a,,65,Heavy,
282,Clan,ebonjaguar,ebj-b,,65,Heavy,
283,Clan,ebonjaguar,ebj-c,,65,Heavy,
284,Clan,executioner,exe-primei,exe-prime,95,Assault,special
285,Clan,executioner,exe-prime,,95,Assault,
286,Clan,executioner,exe-a,,95,Assault,
287,Clan,executioner,exe-b,,95,Assault,
288,Clan,executioner,exe-d,,95,Assault,
289,InnerSphere,thunderbolt,tdr-5s-t,,65,Heavy,hero
290,Clan,arcticcheetah,ach-primei,ach-prime,30,Light,special
291,Clan,arcticcheetah,ach-prime,,30,Light,
292,Clan,arcticcheetah,ach-a,,30,Light,
293,Clan,arcticcheetah,ach-b,,30,Light,
294,Clan,arcticcheetah,ach-c,,30,Light,
295,Clan,shadowcat,shc-primei,shc-prime,45,Medium,special
296,Clan,shadowcat,shc-prime,,45,Medium,
297,Clan,shadowcat,shc-a,,45,Medium,
298,Clan,shadowcat,shc-b,,45,Medium,
299,Clan,shadowcat,shc-p,,45,Medium,
300,InnerSphere,griffin,grf-2n,,25,Light,
301,InnerSphere,highlander,hgn-732b,,90,Assault,
302,InnerSphere,locust,lct-3v,,20,Light,
303,Clan,direwolf,dwf-w,,100,Assault,
304,Clan,gargoyle,gar-b,,80,Assault,
305,Clan,iceferret,ifr-b,,45,Medium,
306,Clan,mistlynx,mlx-d,,25,Light,
307,Clan,nova,nva-c,,50,Medium,
308,Clan,stormcrow,scr-b,,55,Medium,
309,Clan,timberwolf,tbr-a,,75,Heavy,
310,InnerSphere,battlemaster,blr-2c,,85,Assault,
311,InnerSphere,cataphract,ctf-0xp,,70,Heavy,
312,InnerSphere,panther,pnt-10p,,35,Light,
313,InnerSphere,enforcer,enf-4p,,50,Medium,
314,InnerSphere,grasshopper,ghr-5p,,70,Heavy,
315,InnerSphere,zeus,zeu-5s,,80,Assault,
316,InnerSphere,wolverine,wvr-q,,55,Medium,hero
317,InnerSphere,enforcer,enf-4rc,enf-4r,50,Medium,champion
318,Clan,timberwolf,tbr-cc,tbr-c,75,Heavy,champion
319,InnerSphere,blackknight,bl-6-kntr,bl-6-knt,75,Heavy,special
320,InnerSphere,blackknight,bl-6-knt,,75,Heavy,
321,InnerSphere,blackknight,bl-6b-knt,,75,Heavy,
322,InnerSphere,blackknight,bl-7-knt,,75,Heavy,
323,InnerSphere,blackknight,bl-7-knt-l,,75,Heavy,
324,InnerSphere,mauler,mal-1rr,mal-1r,90,Assault,special
325,InnerSphere,mauler,mal-1r,,90,Assault,
326,InnerSphere,mauler,mal-mx90,,90,Assault,
327,InnerSphere,mauler,mal-1p,,90,Assault,
328,InnerSphere,mauler,mal-2p,,90,Assault,
329,InnerSphere,crab,crb-27r,crb-27,50,Medium,special
330,InnerSphere,crab,crb-27,,50,Medium,
331,InnerSphere,crab,crb-20,,50,Medium,
332,InnerSphere,crab,crb-27b,,50,Medium,
333,InnerSphere,crab,crb-27sl,,50,Medium,
334,InnerSphere,wolfhound,wlf-2r,wlf-2,35,Light,special
335,InnerSphere,wolfhound,wlf-2,,35,Light,
336,InnerSphere,wolfhound,wlf-1,,35,Light,
337,InnerSphere,wolfhound,wlf-1a,,35,Light,
338,InnerSphere,wolfhound,wlf-1b,,35,Light,
339,InnerSphere,cicada,cda-3fl,cda-3f,40,Medium,special
340,InnerSphere,wolverine,wvr-7dl,wvr-7d,55,Medium,special
341,InnerSphere,zeus,zeu-9s2l,zeu-9s2,80,Assault,special
342,Clan,nova,nva-dl,nva-d,50,Medium,special
343,Clan,executioner,exe-cl,exe-c,95,Assault,special
344,InnerSphere,marauder,mad-3rs,mad-3r,75,Heavy,special
345,InnerSphere,marauder,mad-3r,,75,Heavy,
346,InnerSphere,marauder,mad-5d,,75,Heavy,
347,InnerSphere,marauder,mad-5m,,75,Heavy,
348,InnerSphere,marauder,mad-bh2,,75,Heavy,hero
349,InnerSphere,kingcrab,kgc-000bc,kgc-000b,100,Assault,champion
350,InnerSphere,kingcrab,kgc-000bs,kgc-000b,100,Assault,special
351,Clan,arcticcheetah,ach-primec,ach-prime,30,Light,champion
352,Clan,arcticcheetah,ach-primes,ach-prime,30,Light,special
353,Clan,stormcrow,scr-primec,scr-prime,55,Medium,champion
354,Clan,stormcrow,scr-primes,scr-prime,55,Medium,special
355,Clan,direwolf,dwf-wc,dwf-w,100,Assault,champion
356,Clan,direwolf,dwf-ws,dwf-w,100,Assault,special
357,InnerSphere,raven,rvn-3ls,rvn-3l,35,Light,special
358,InnerSphere,hunchback,hbk-4ps,hbk-4p,50,Medium,special
359,InnerSphere,thunderbolt,tdr-9ses,tdr-9se,65,Heavy,special
360,Clan,timberwolf,tbr-cs,tbr-c,75,Heavy,special
361,Clan,jenneriic,jr7-iico,jr7-iic,35,Light,special
362,Clan,jenneriic,jr7-iic,,35,Light,
363,Clan,jenneriic,jr7-iic-2,,35,Light,
364,Clan,jenneriic,jr7-iic-3,,35,Light,
365,Clan,jenneriic,jr7-iic-a,,35,Light,
366,Clan,hunchbackiic,hbk-iico,hbk-iic,50,Medium,special
367,Clan,hunchbackiic,hbk-iic,,50,Medium,
368,Clan,hunchbackiic,hbk-iic-a,,50,Medium,
369,Clan,hunchbackiic,hbk-iic-b,,50,Medium,
370,Clan,hunchbackiic,hbk-iic-c,,50,Medium,
371,Clan,orioniic,on1-iico,on1-iic,75,Heavy,special
372,Clan,orioniic,on1-iic,,75,Heavy,
373,Clan,orioniic,on1-iic-a,,75,Heavy,
374,Clan,orioniic,on1-iic-b,,75,Heavy,
375,Clan,orioniic,on1-iic-c,,75,Heavy,
376,Clan,highlanderiic,hgn-iico,hgn-iic,90,Assault,special
377,Clan,highlanderiic,hgn-iic,,90,Assault,
378,Clan,highlanderiic,hgn-iic-a,,90,Assault,
379,Clan,highlanderiic,hgn-iic-b,,90,Assault,
380,Clan,highlanderiic,hgn-iic-c,,90,Assault,
381,InnerSphere,warhammer,whm-6rs,whm-6r,70,Heavy,special
382,InnerSphere,warhammer,whm-6r,,70,Heavy,
383,InnerSphere,warhammer,whm-6d,,70,Heavy,
384,InnerSphere,warhammer,whm-7s,,70,Heavy,
385,InnerSphere,warhammer,whm-bw,,70,Heavy,hero
386,InnerSphere,rifleman,rfl-3ns,rfl-3n,60,Heavy,special
387,InnerSphere,rifleman,rfl-3n,,60,Heavy,
388,InnerSphere,rifleman,rfl-3c,,60,Heavy,
389,InnerSphere,rifleman,rfl-5d,,60,Heavy,
390,InnerSphere,rifleman,rfl-lk,,60,Heavy,hero
391,InnerSphere,archer,arc-2rs,arc-2r,70,Heavy,special
392,InnerSphere,archer,arc-2r,,70,Heavy,
393,InnerSphere,archer,arc-5s,,70,Heavy,
394,InnerSphere,archer,arc-5w,,70,Heavy,
395,InnerSphere,archer,arc-t,,70,Heavy,hero
396,InnerSphere,locust,lct-1ec,lct-1e,20,Light,champion
397,InnerSphere,commando,com-1dc,com-1d,25,Light,champion
398,InnerSphere,vindicator,vnd-1aac,vnd-1aa,45,Medium,champion
399,InnerSphere,awesome,aws-9mc,aws-9m,80,Assault,champion
400,InnerSphere,battlemaster,blr-2cc,blr-2c,85,Assault,champion
401,Clan,mistlynx,mlx-primec,mlx-prime,25,Light,champion
402,Clan,shadowcat,shc-primec,shc-prime,45,Medium,champion
403,Clan,ebonjaguar,ebj-primec,ebj-prime,65,Heavy,champion
404,Clan,warhawk,whk-cc,whk-c,85,Assault,champion
405,Clan,kodiak,kdk-1s,kdk-1,100,Assault,special
406,Clan,kodiak,kdk-1,,100,Assault,
407,Clan,kodiak,kdk-2,,100,Assault,
408,Clan,kodiak,kdk-3,,100,Assault,
409,Clan,kodiak,kdk-4,,100,Assault,
410,Clan,kodiak,kdk-5,,100,Assault,
411,Clan,kodiak,kdk-sb,,100,Assault,hero
412,InnerSphere,phoenixhawk,pxh-1s,pxh-1,45,Medium,special
413,InnerSphere,phoenixhawk,pxh-1,,45,Medium,
414,InnerSphere,phoenixhawk,pxh-1b,,45,Medium,
415,InnerSphere,phoenixhawk,pxh-1k,,45,Medium,
416,InnerSphere,phoenixhawk,pxh-2,,45,Medium,
417,InnerSphere,phoenixhawk,pxh-3s,,45,Medium,
418,InnerSphere,phoenixhawk,pxh-r,,45,Medium,hero
419,InnerSphere,phoenixhawk,pxh-kk,,45,Medium,hero
420,InnerSphere,catapult,cplt-bb,,65,Heavy,hero
421,Clan,viper,vpr-primes,vpr-prime,40,Medium,special
422,Clan,viper,vpr-prime,,40,Medium,
423,Clan,viper,vpr-a,,40,Medium,
424,Clan,viper,vpr-b,,40,Medium,
425,Clan,viper,vpr-c,,40,Medium,
426,Clan,viper,vpr-d,,40,Medium,
427,Clan,viper,vpr-m,,40,Medium,hero
428,InnerSphere,cicada,cda-3f,,40,Medium,
429,InnerSphere,wolverine,wvr-7d,,55,Medium,
430,InnerSphere,zeus,zeu-9s2,,80,Assault,
431,Clan,nova,nva-d,,50,Medium,
432,Clan,executioner,exe-c,,95,Assault,
433,InnerSphere,cyclops,cp-11-as,,90,Assault,special
434,InnerSphere,cyclops,cp-11-a,,90,Assault,
435,InnerSphere,cyclops,cp-10-q,,90,Assault,
436,InnerSphere,cyclops,cp-10-z,,90,Assault,
437,InnerSphere,cyclops,cp-11-a-dc,,90,Assault,
438,InnerSphere,cyclops,cp-11-p,,90,Assault,
439,InnerSphere,cyclops,cp-s,,90,Assault,hero
440,InnerSphere,centurion,cn9-ancix,cn9-a,50,Medium,special
441,Clan,nightgyr,ntg-primes,ntg-prime,75,Heavy,special
442,Clan,nightgyr,ntg-prime,,75,Heavy,
443,Clan,nightgyr,ntg-a,,75,Heavy,
444,Clan,nightgyr,ntg-b,,75,Heavy,
445,Clan,nightgyr,ntg-c,,75,Heavy,
446,Clan,nightgyr,ntg-d,,75,Heavy,
447,Clan,nightgyr,ntg-jk,,75,Heavy,hero
448,InnerSphere,panther,pnt-10kc,pnt-10k,35,Light,champion
449,InnerSphere,crab,crb-27bc,crb-27b,50,Medium,champion
450,InnerSphere,grasshopper,ghr-5hc,ghr-5h,70,Heavy,champion
451,InnerSphere,zeus,zeu-6tc,zeu-6t,80,Assault,champion
452,Clan,jenneriic,jr7-iicc,jr7-iic,35,Light,champion
453,Clan,hunchbackiic,hbk-iicc,hbk-iic,50,Medium,champion
454,Clan,orioniic,on1-iic-ac,on1-iic-a,75,Heavy,champion
455,Clan,highlanderiic,hgn-iic-cc,hgn-iic-c,90,Assault,champion
456,Clan,huntsman,hmn-primes,hmn-prime,50,Medium,special
457,Clan,huntsman,hmn-prime,,50,Medium,
458,Clan,huntsman,hmn-a,,50,Medium,
459,Clan,huntsman,hmn-b,,50,Medium,
460,Clan,huntsman,hmn-c,,50,Medium,
461,Clan,huntsman,hmn-p,,50,Medium,
462,Clan,huntsman,hmn-pa,,50,Medium,hero
463,InnerSphere,blackjack,bj-2l,bj-2,45,Medium,special
464,InnerSphere,cataphract,ctf-3ll,ctf-3l,70,Heavy,special
465,InnerSphere,stalker,stk-3fbl,stk-3fb,85,Assault,special
466,Clan,hellbringer,hbr-fl,hbr-f,65,Heavy,special
467,Clan,summoner,smn-fl,smn-f,70,Heavy,special
468,Clan,summoner,smn-ml,smn-m,70,Heavy,special
469,Clan,linebacker,lbk-primes,lbk-prime,65,Heavy,special
470,Clan,linebacker,lbk-prime,,65,Heavy,
471,Clan,linebacker,lbk-a,,65,Heavy,
472,Clan,linebacker,lbk-b,,65,Heavy,
473,Clan,linebacker,lbk-c,,65,Heavy,
474,Clan,linebacker,lbk-d,,65,Heavy,
475,Clan,linebacker,lbk-rl,,65,Heavy,hero
476,Clan,kitfox,kfx-pr,,30,Light,hero
477,Clan,adder,adr-cn,,35,Light,hero
478,Clan,nova,nva-bk,,50,Medium,hero
479,Clan,stormcrow,scr-lc,,55,Medium,hero
480,Clan,summoner,smn-pd,,70,Heavy,hero
481,Clan,timberwolf,tbr-war,,75,Heavy,hero
482,Clan,warhawk,whk-nq,,85,Assault,hero
483,Clan,direwolf,dwf-uv,,100,Assault,hero
484,InnerSphere,panther,pnt-10ks,pnt-10k,35,Light,special
485,Clan,mistlynx,mlx-primes,mlx-prime,25,Light,special
486,InnerSphere,crab,crb-27bs,crab,50,Medium,special
487,Clan,shadowcat,shc-primes,shc-prime,45,Medium,special
488,InnerSphere,grasshopper,ghr-5hs,ghr-5h,70,Heavy,special
489,Clan,ebonjaguar,ebj-primes,ebj-prime,65,Heavy,special
490,InnerSphere,zeus,zeu-6ts,zeu-6t,80,Assault,special
491,Clan,warhawk,whk-cs,whk-c,85,Assault,special
492,Clan,marauderiic,mad-iics,mad-iic,85,Assault,special
493,Clan,marauderiic,mad-iic,,85,Assault,
494,Clan,marauderiic,mad-iic-8,,85,Assault,
495,Clan,marauderiic,mad-iic-a,,85,Assault,
496,Clan,marauderiic,mad-iic-b,,85,Assault,
497,Clan,marauderiic,mad-iic-c,,85,Assault,
498,Clan,marauderiic,mad-iic-d,,85,Assault,
499,Clan,marauderiic,mad-iic-sc,,85,Assault,hero
500,InnerSphere,bushwacker,bsw-x1s,bsw-x1,55,Medium,special
501,InnerSphere,bushwacker,bsw-x1,,55,Medium,
502,InnerSphere,bushwacker,bsw-x2,,55,Medium,
503,InnerSphere,bushwacker,bsw-s2,,55,Medium,
504,InnerSphere,bushwacker,bsw-p1,,55,Medium,
505,InnerSphere,bushwacker,bsw-p2,,55,Medium,
506,InnerSphere,bushwacker,bsw-hr,,55,Medium,hero
507,Clan,supernova,snv-1s,snv-1,90,Assault,special
508,Clan,supernova,snv-1,,90,Assault,
509,Clan,supernova,snv-3,,90,Assault,
510,Clan,supernova,snv-a,,90,Assault,
511,Clan,supernova,snv-b,,90,Assault,
512,Clan,supernova,snv-c,,90,Assault,
513,Clan,supernova,snv-br,,90,Assault,hero
514,InnerSphere,blackjack,bj-2,,45,Medium,
515,InnerSphere,stalker,stk-3fb,,85,Assault,
516,Clan,hellbringer,hbr-f,,65,Heavy,
517,Clan,summoner,smn-f,,70,Heavy,
518,Clan,summoner,smn-m,,70,Heavy,
519,InnerSphere,assassin,asn-21s,asn-21,40,Medium,special
520,InnerSphere,assassin,asn-21,,40,Medium,
521,InnerSphere,assassin,asn-23,,40,Medium,
522,InnerSphere,assassin,asn-101,,40,Medium,
523,InnerSphere,assassin,asn-26,,40,Medium,
524,InnerSphere,assassin,asn-27,,40,Medium,
525,InnerSphere,assassin,asn-dd,,40,Medium,hero
526,InnerSphere,wolfhound,wlf-1c,wlf-1,35,Light,champion
527,InnerSphere,phoenixhawk,pxh-2c,pxh-2,45,Medium,champion
528,InnerSphere,warhammer,whm-6dc,whm-6d,70,Heavy,champion
529,InnerSphere,mauler,mal-mx90c,mal-mx90,90,Assault,champion
530,Clan,adder,adr-primec,adr-prime,35,Light,champion
531,Clan,nova,nva-sc,nva-s,50,Medium,champion
532,Clan,hellbringer,hbr-fc,hbr-f,65,Heavy,champion
533,Clan,kodiak,kdk-3c,kdk-3,100,Assault,champion
534,InnerSphere,roughneck,rgh-1as,rgh-1a,65,Heavy,special
535,InnerSphere,roughneck,rgh-1a,,65,Heavy,
536,InnerSphere,roughneck,rgh-1b,,65,Heavy,
537,InnerSphere,roughneck,rgh-1c,,65,Heavy,
538,InnerSphere,roughneck,rgh-2a,,65,Heavy,
539,InnerSphere,roughneck,rgh-3a,,65,Heavy,
540,InnerSphere,roughneck,rgh-r,,65,Heavy,hero
541,InnerSphere,javelin,jvn-10ns,jvn-10n,30,Light,special
542,InnerSphere,javelin,jvn-10n,,30,Light,
543,InnerSphere,javelin,jvn-10f,,30,Light,
544,InnerSphere,javelin,jvn-10p,,30,Light,
545,InnerSphere,javelin,jvn-11a,,30,Light,
546,InnerSphere,javelin,jvn-11b,,30,Light,
547,InnerSphere,javelin,jvn-ht,,30,Light,hero
548,InnerSphere,urbanmech,um-k9,,30,Light,hero
549,InnerSphere,wolfhound,wlf-gr,,35,Light,hero
550,InnerSphere,panther,pnt-kk,,35,Light,hero
551,InnerSphere,crab,crb-fl,,50,Medium,hero
552,InnerSphere,enforcer,enf-gh,,50,Medium,hero
553,InnerSphere,grasshopper,ghr-mj,,70,Heavy,hero
554,InnerSphere,blackknight,bl-p-knt,,75,Heavy,hero
555,InnerSphere,zeus,zeu-sk,,80,Assault,hero
556,InnerSphere,mauler,mal-ko,,90,Assault,hero
557,InnerSphere,kingcrab,kgc-kj,,100,Assault,hero
558,InnerSphere,uziel,uzl-3ss,uzl-3s,50,Medium,special
559,InnerSphere,uziel,uzl-3s,,50,Medium,
560,InnerSphere,uziel,uzl-2s,,50,Medium,
561,InnerSphere,uziel,uzl-3p,,50,Medium,
562,InnerSphere,uziel,uzl-5p,,50,Medium,
563,InnerSphere,uziel,uzl-6p,,50,Medium,
564,InnerSphere,uziel,uzl-be,,50,Medium,hero
565,InnerSphere,annihilator,anh-2as,anh-2a,100,Assault,special
566,InnerSphere,annihilator,anh-2a,,100,Assault,
567,InnerSphere,annihilator,anh-1a,,100,Assault,
568,InnerSphere,annihilator,anh-1e,,100,Assault,
569,InnerSphere,annihilator,anh-1x,,100,Assault,
570,InnerSphere,annihilator,anh-1p,,100,Assault,
571,InnerSphere,annihilator,anh-mb,,100,Assault,hero
572,Clan,cougar,cou-primes,cou-prime,35,Light,special
573,Clan,cougar,cou-prime,,35,Light,
574,Clan,cougar,cou-c,,35,Light,
575,Clan,cougar,cou-d,,35,Light,
576,Clan,cougar,cou-e,,35,Light,
577,Clan,cougar,cou-h,,35,Light,
578,Clan,cougar,cou-ba,,35,Light,hero
579,Clan,madcatmkii,mcii-1s,mcii-1,90,Assault,special
580,Clan,madcatmkii,mcii-1,,90,Assault,
581,Clan,madcatmkii,mcii-2,,90,Assault,
582,Clan,madcatmkii,mcii-4,,90,Assault,
583,Clan,madcatmkii,mcii-a,,90,Assault,
584,Clan,madcatmkii,mcii-b,,90,Assault,
585,Clan,madcatmkii,mcii-ds,,90,Assault,hero
586,Clan,mistlynx,mlx-ed,,25,Light,hero
587,Clan,arcticcheetah,ach-sh,,30,Light,hero
588,Clan,iceferret,ifr-rc,,45,Medium,hero
589,Clan,shadowcat,shc-mi,,45,Medium,hero
590,Clan,maddog,mdd-ba,,60,Heavy,hero
591,Clan,ebonjaguar,ebj-ec,,65,Heavy,hero
592,Clan,hellbringer,hbr-vi,,65,Heavy,hero
593,Clan,gargoyle,gar-kw,,80,Assault,hero
594,Clan,executioner,exe-ch,,95,Assault,hero
595,Clan,mistlynx,mlx-g,,25,Light,
596,Clan,arcticcheetah,ach-e,,30,Light,
597,Clan,iceferret,ifr-p,,45,Medium,
598,Clan,shadowcat,shc-h,,45,Medium,
599,Clan,maddog,mdd-h,,60,Heavy,
600,Clan,ebonjaguar,ebj-d,,65,Heavy,
601,Clan,hellbringer,hbr-p,,65,Heavy,
602,Clan,gargoyle,gar-e,,80,Assault,
603,Clan,executioner,exe-e,,95,Assault,
604,Clan,jenneriic,jr7-iic-fy,,35,Light,hero
605,Clan,hunchbackiic,hbk-iic-dw,,50,Medium,hero
606,Clan,orioniic,on1-iic-sk,,75,Heavy,hero
607,Clan,highlanderiic,hgn-iic-kp,,90,Assault,hero
608,InnerSphere,osiris,osr-3ds,osr-3d,30,Light,special
609,InnerSphere,osiris,osr-3d,,30,Light,
610,InnerSphere,osiris,osr-4d,,30,Light,
611,InnerSphere,osiris,osr-1v,,30,Light,
612,InnerSphere,osiris,osr-2v,,30,Light,
613,InnerSphere,osiris,osr-1p,,30,Light,
614,InnerSphere,osiris,osr-se,,30,Light,hero
615,InnerSphere,nightstar,nsr-9js,nsr-9j,95,Assault,special
616,InnerSphere,nightstar,nsr-9j,,95,Assault,
617,InnerSphere,nightstar,nsr-9fc,,95,Assault,
618,InnerSphere,nightstar,nsr-9s,,95,Assault,
619,InnerSphere,nightstar,nsr-9p,,95,Assault,
620,InnerSphere,nightstar,nsr-10p,,95,Assault,
621,InnerSphere,nightstar,nsr-wp,,95,Assault,hero
622,Clan,arcticwolf,acw-primes,acw-prime,40,Medium,special
623,Clan,arcticwolf,acw-prime,,40,Medium,
624,Clan,arcticwolf,acw-a,,40,Medium,
625,Clan,arcticwolf,acw-p,,40,Medium,
626,Clan,arcticwolf,acw-1,,40,Medium,
627,Clan,arcticwolf,acw-2,,40,Medium,
628,Clan,arcticwolf,acw-bk,,40,Medium,hero
629,Clan,novacat,nct-primes,nct-prime,70,Heavy,special
630,Clan,novacat,nct-prime,,70,Heavy,
631,Clan,novacat,nct-a,,70,Heavy,
632,Clan,novacat,nct-b,,70,Heavy,
633,Clan,novacat,nct-c,,70,Heavy,
634,Clan,novacat,nct-d,,70,Heavy,
635,Clan,novacat,nct-cc,,70,Heavy,hero
636,InnerSphere,thanatos,tns-4ss,thanatos,75,Heavy,special
637,InnerSphere,thanatos,tns-4s,,75,Heavy,
638,InnerSphere,thanatos,tns-4p,,75,Heavy,
639,InnerSphere,thanatos,tns-5p,,75,Heavy,
640,InnerSphere,thanatos,tns-5s,,75,Heavy,
641,InnerSphere,thanatos,tns-5t,,75,Heavy,
642,InnerSphere,thanatos,tns-ha,,75,Heavy,hero
643,InnerSphere,urbanmech,um-r68l,um-r68,30,Light,special
644,InnerSphere,griffin,grf-5ml,grf-5m,25,Light,special
645,InnerSphere,victor,vtr-9a1l,vtr-9a1,80,Assault,special
646,Clan,kitfox,kfx-gl,kfx-g,30,Light,special
647,Clan,linebacker,lbk-hl,lbk-h,65,Heavy,special
648,InnerSphere,hellspawn,hsn-7ds,hsn-7d,45,Medium,special
649,InnerSphere,hellspawn,hsn-7d,,45,Medium,
650,InnerSphere,hellspawn,hsn-8e,,45,Medium,
651,InnerSphere,hellspawn,hsn-9f,,45,Medium,
652,InnerSphere,hellspawn,hsn-7p,,45,Medium,
653,InnerSphere,hellspawn,hsn-8p,,45,Medium,
654,InnerSphere,hellspawn,hsn-7d2,,45,Medium,hero
655,Clan,piranha,pir-1s,pir-1,20,Light,special
656,Clan,piranha,pir-1,,20,Light,
657,Clan,piranha,pir-2,,20,Light,
658,Clan,piranha,pir-3,,20,Light,
659,Clan,piranha,pir-a,,20,Light,
660,Clan,piranha,pir-b,,20,Light,
661,Clan,piranha,pir-ci,,20,Light,hero
662,Clan,blacklanner,bkl-primes,bkl-prime,55,Medium,special
663,Clan,blacklanner,bkl-prime,,55,Medium,
664,Clan,blacklanner,bkl-a,,55,Medium,
665,Clan,blacklanner,bkl-c,,55,Medium,
666,Clan,blacklanner,bkl-d,,55,Medium,
667,Clan,blacklanner,bkl-e,,55,Medium,
668,Clan,blacklanner,bkl-bl,,55,Medium,hero
669,InnerSphere,urbanmech,um-r68,,30,Light,
670,InnerSphere,griffin,grf-5m,,25,Light,
671,InnerSphere,victor,vtr-9a1,,80,Assault,
672,Clan,kitfox,kfx-g,,30,Light,
673,Clan,linebacker,lbk-h,,65,Heavy,
674,Clan,sunspider,sns-primes,sns-prime,70,Heavy,special
675,Clan,sunspider,sns-prime,,70,Heavy,
676,Clan,sunspider,sns-a,,70,Heavy,
677,Clan,sunspider,sns-b,,70,Heavy,
678,Clan,sunspider,sns-c,,70,Heavy,
679,Clan,sunspider,sns-d,,70,Heavy,
680,Clan,sunspider,sns-ml,,70,Heavy,hero
681,Clan,sunspider,sns-vg,,70,Heavy,hero
682,InnerSphere,roughneck,rgh-ph,,65,Heavy,hero
683,InnerSphere,fafnir,fnr-5s,fnr-5,100,Assault,special
684,InnerSphere,fafnir,fnr-5,,100,Assault,
685,InnerSphere,fafnir,fnr-5b,,100,Assault,
686,InnerSphere,fafnir,fnr-6u,,100,Assault,
687,InnerSphere,fafnir,fnr-5e,,100,Assault,
688,InnerSphere,fafnir,fnr-6r,,100,Assault,
689,InnerSphere,fafnir,fnr-wr,,100,Assault,hero
690,InnerSphere,urbanmech,um-sc,,30,Light,hero
691,InnerSphere,firestarter,fs9-fs,,35,Light,hero
692,InnerSphere,griffin,grf-ar,,25,Light,hero
693,InnerSphere,rifleman,rfl-db,,60,Heavy,hero
694,InnerSphere,banshee,bnc-sr,,95,Assault,hero
695,InnerSphere,atlas,as7-kr,,100,Assault,hero
696,Clan,maddog,mdd-rv,,60,Heavy,hero
697,InnerSphere,nightstar,nsr-9pc,nsr-9p,95,Assault,champion
698,InnerSphere,roughneck,rgh-1ac,rgh-1a,65,Heavy,champion
699,InnerSphere,bushwacker,bsw-s2c,bsw-s2,55,Medium,champion
700,InnerSphere,assassin,asn-101c,asn-101,40,Medium,champion
701,InnerSphere,osiris,osr-1vc,osr-1v,30,Light,champion
702,InnerSphere,uziel,uzl-3pc,uzl-3p,50,Medium,champion
703,Clan,maddog,mdd-cc,mdd-c,60,Heavy,champion
704,Clan,bloodasp,bas-primes,bas-prime,90,Assault,special
705,Clan,bloodasp,bas-prime,,90,Assault,
706,Clan,bloodasp,bas-a,,90,Assault,
707,Clan,bloodasp,bas-b,,90,Assault,
708,Clan,bloodasp,bas-c,,90,Assault,
709,Clan,bloodasp,bas-d,,90,Assault,
710,Clan,bloodasp,bas-ra,,90,Assault,hero
711,InnerSphere,flea,fle-17s,fle-17,20,Light,special
712,InnerSphere,flea,fle-17,,20,Light,
713,InnerSphere,flea,fle-15,,20,Light,
714,InnerSphere,flea,fle-19,,20,Light,
715,InnerSphere,flea,fle-20,,20,Light,
716,InnerSphere,flea,fle-fa,,20,Light,
717,InnerSphere,flea,fle-r5k,,20,Light,hero
718,Clan,hellfire,hlf-1s,hlf-1,60,Heavy,special
719,Clan,hellfire,hlf-1,,60,Heavy,
720,Clan,hellfire,hlf-2,,60,Heavy,
721,Clan,hellfire,hlf-a,,60,Heavy,
722,Clan,hellfire,hlf-b,,60,Heavy,
723,Clan,hellfire,hlf-c,,60,Heavy,
724,Clan,hellfire,hlf-vo,,60,Heavy,hero
725,InnerSphere,vulcan,vl-2ts,vl-2t,40,Medium,special
726,InnerSphere,vulcan,vl-2t,,40,Medium,
727,InnerSphere,vulcan,vl-5t,,40,Medium,
728,InnerSphere,vulcan,vt-5m,,40,Medium,
729,InnerSphere,vulcan,vt-5s,,40,Medium,
730,InnerSphere,vulcan,vt-6m,,40,Medium,
731,InnerSphere,vulcan,vl-bl,,40,Medium,hero
732,Clan,incubus,inc-1s,inc-1,30,Light,special
733,Clan,incubus,inc-1,,30,Light,
734,Clan,incubus,inc-2,,30,Light,
735,Clan,incubus,inc-3,,30,Light,
736,Clan,incubus,inc-4,,30,Light,
737,Clan,incubus,inc-5,,30,Light,
738,Clan,incubus,inc-sa,,30,Light,hero
739,InnerSphere,champion,chp-1ns,chp-1n,60,Heavy,special
740,InnerSphere,champion,chp-1n,,60,Heavy,
741,InnerSphere,champion,chp-2n,,60,Heavy,
742,InnerSphere,champion,chp-3n,,60,Heavy,
743,InnerSphere,champion,chp-1n2,,60,Heavy,
744,InnerSphere,champion,chp-1nb,,60,Heavy,
745,InnerSphere,champion,chp-inv,,60,Heavy,hero
746,Clan,vaporeagle,vgl-1s,vgl-1,55,Medium,special
747,Clan,vaporeagle,vgl-1,,55,Medium,
748,Clan,vaporeagle,vgl-2,,55,Medium,
749,Clan,vaporeagle,vgl-3,,55,Medium,
750,Clan,vaporeagle,vgl-4,,55,Medium,
751,Clan,vaporeagle,vgl-a,,55,Medium,
752,Clan,vaporeagle,vgl-ri,,55,Medium,hero
753,InnerSphere,javelin,jvn-11fl,jvn-11f,30,Light,special
754,InnerSphere,rifleman,rfl-8dl,rfl-8d,60,Heavy,special
755,InnerSphere,warhammer,whm-4ll,whm-4l,70,Heavy,special
756,Clan,nightgyr,ntg-hl,ntg-h,75,Heavy,special
757,Clan,marauderiic,mad-iic2l,mad-iic2,85,Assault,special
758,InnerSphere,charger,cgr-1a1s,cgr-1a1,80,Assault,special
759,InnerSphere,charger,cgr-1a1,,80,Assault,
760,InnerSphere,charger,cgr-1a5,,80,Assault,
761,InnerSphere,charger,cgr-3k,,80,Assault,
762,InnerSphere,charger,cgr-n7,,80,Assault,hero
763,InnerSphere,hatamotochi,htm-27ts,htm-27t,80,Assault,special
764,InnerSphere,hatamotochi,htm-27t,,80,Assault,
765,InnerSphere,hatamotochi,htm-27w,,80,Assault,
766,InnerSphere,hatamotochi,htm-28tr,,80,Assault,
767,InnerSphere,hatamotochi,htm-sg,,80,Assault,hero
768,Clan,warhammeriic,whm-iics,whm-iic,80,Assault,special
769,Clan,warhammeriic,whm-iic,,80,Assault,
770,Clan,warhammeriic,whm-iic-2,,80,Assault,
771,Clan,warhammeriic,whm-iic-3,,80,Assault,
772,Clan,warhammeriic,whm-iic-4,,80,Assault,
773,Clan,warhammeriic,whm-iic-10,,80,Assault,
774,Clan,warhammeriic,whm-iic-ml,,80,Assault,hero
775,Clan,warhammeriic,whm-iic-bl,,80,Assault,hero
776,InnerSphere,javelin,jvn-11f,,30,Light,
777,InnerSphere,rifleman,rfl-8d,,60,Heavy,
778,InnerSphere,warhammer,whm-4l,,70,Heavy,
779,Clan,nightgyr,ntg-h,,75,Heavy,
780,Clan,marauderiic,mad-iic2,,85,Assault,
781,Clan,warhammeriic,whm-iic-a,,80,Assault,
782,InnerSphere,corsair,cor-5rs,cor-5r,95,Assault,special
783,InnerSphere,corsair,cor-5r,,95,Assault,
784,InnerSphere,corsair,cor-6r,,95,Assault,
785,InnerSphere,corsair,cor-7a,,95,Assault,
786,InnerSphere,corsair,cor-5t,,95,Assault,
787,InnerSphere,corsair,cor-7r,,95,Assault,
788,InnerSphere,corsair,cor-ra,,95,Assault,hero
789,InnerSphere,corsair,cor-br,,95,Assault,hero
790,InnerSphere,marauderii,mad-4as,mad-4a,100,Assault,special
791,InnerSphere,marauderii,mad-4a,,100,Assault,
792,InnerSphere,marauderii,mad-4hp,,100,Assault,
793,InnerSphere,marauderii,mad-5a,,100,Assault,
794,InnerSphere,marauderii,mad-4l,,100,Assault,
795,InnerSphere,marauderii,mad-6s,,100,Assault,
796,InnerSphere,marauderii,mad-al,,100,Assault,hero
797,Clan,riflemaniic,rfl-iics,rfl-iic,65,Heavy,special
798,Clan,riflemaniic,rfl-iic,,65,Heavy,
799,Clan,riflemaniic,rfl-iic-2,,65,Heavy,
800,Clan,riflemaniic,rfl-iic-3,,65,Heavy,
801,Clan,riflemaniic,rfl-iic-4,,65,Heavy,
802,Clan,riflemaniic,rfl-iic-a,,65,Heavy,
803,Clan,riflemaniic,rfl-iic-ch,,65,Heavy,hero
804,InnerSphere,catapult,cplt-c2s,cplt-c2,65,Heavy,special
805,InnerSphere,warhammer,whm-9ds,whm-9d,70,Heavy,special
806,InnerSphere,marauder,mad-9ms,mad-9m,75,Heavy,special
807,InnerSphere,kingcrab,kgc-001s,kgc-001,100,Assault,special
808,InnerSphere,dervish,dv-6ms,dv-6m,55,Medium,special
809,InnerSphere,dervish,dv-6m,,55,Medium,
810,InnerSphere,dervish,dv-7d,,55,Medium,
811,InnerSphere,dervish,dv-8d,,55,Medium,
812,InnerSphere,dervish,dv-6mr,,55,Medium,
813,InnerSphere,dervish,dv-7p,,55,Medium,
814,InnerSphere,dervish,dv-fr,,55,Medium,hero
815,InnerSphere,catapult,cplt-c2,,65,Heavy,
816,InnerSphere,warhammer,whm-9d,,70,Heavy,
817,InnerSphere,marauder,mad-9m,,75,Heavy,
818,InnerSphere,kingcrab,kgc-001,,100,Assault,
819,InnerSphere,locust,lct-1vs,lct-1v,20,Light,special
820,InnerSphere,shadowhawk,shd-2hs,shd-2h,55,Medium,special
821,InnerSphere,thunderbolt,tdr-5sspec,tdr-5s,65,Heavy,special
822,InnerSphere,battlemaster,blr-1gs,blr-1g,85,Assault,special
823,InnerSphere,griffin,grf-1ns,grf-1n,25,Light,special
824,InnerSphere,wolverine,wvr-6rs,wvr-6r,55,Medium,special
825,InnerSphere,urbanmech,um-r60ls,um-r60l,30,Light,special
826,InnerSphere,phoenixhawk,pxh-1ks,pxh-1k,45,Medium,special
827,InnerSphere,thunderbolt,tdr-10ses,tdr-10se,65,Heavy,special
828,InnerSphere,dragon,drg-1gs,drg-1g,60,Heavy,special
829,InnerSphere,thunderbolt,tdr-10se,,65,Heavy,special
830,InnerSphere,dragon,drg-1g,,60,Heavy,
831,Clan,timberwolf,tbr-bhs,tbr-bh,75,Heavy,special
832,Clan,direwolf,dwf-cs,dwf-c,100,Assault,special
833,Clan,timberwolf,tbr-bh,,75,Heavy,
834,Clan,direwolf,dwf-c,,100,Assault,
835,InnerSphere,phoenixhawk,pxh-7s,,45,Medium,
836,InnerSphere,phoenixhawk,pxh-7ss,pxh-7s,45,Medium,special
837,InnerSphere,stalker,stk-7d,,85,Assault,
838,InnerSphere,stalker,stk-7ds,stk-7d,85,Assault,special
839,InnerSphere,urbanmech,um-r80,,30,Light,
840,InnerSphere,urbanmech,um-r80l,um-r80,30,Light,special
841,Clan,viper,vpr-f,,40,Medium,
842,Clan,viper,vpr-fl,vpr-f,40,Medium,special
843,InnerSphere,atlas,as7-k3,,100,Assault,
844,InnerSphere,atlas,as7-k3l,as7-k3,100,Assault,special
845,Clan,nightgyr,ntg-dcs,ntg-d,75,Heavy,special
846,InnerSphere,roughneck,rgh-blt,,65,Heavy,hero
847,Clan,sunspider,sns-amb,,70,Heavy,hero
848,InnerSphere,mauler,mal-2ps,mal-2p,90,Assault,special
849,Clan,marauderiic,mad-iic-as,mad-iic-a,85,Assault,special
850,Clan,bloodasp,bas-e,,90,Assault,
851,Clan,bloodasp,bas-es,bas-e,90,Assault,special
852,Clan,shadowcat,shc-d,,45,Medium,
853,Clan,shadowcat,shc-ds,shc-d,45,Medium,special
854,Clan,incubus,inc-5c,inc-5,30,Light,champion
855,Clan,kitfox,kfx-dc,kfx-d,30,Light,champion
856,InnerSphere,flea,fle-17c,fle-17,20,Light,champion
857,InnerSphere,javelin,jvn-11ac,jvn-11a,30,Light,champion
858,Clan,huntsman,hmn-primec,hmn-prime,50,Medium,champion
859,Clan,vaporeagle,vgl-2c,vgl-2,55,Medium,champion
860,InnerSphere,dervish,dv-7dc,dv-7d,55,Medium,champion
861,InnerSphere,vulcan,vl-5tc,vl-5t,40,Medium,champion
862,Clan,linebacker,lbk-hc,lbk-h,65,Heavy,champion
863,Clan,summoner,smn-dc,smn-d,70,Heavy,champion
864,InnerSphere,archer,arc-2rc,arc-2r,70,Heavy,champion
865,InnerSphere,marauder,mad-9mc,mad-9m,75,Heavy,champion
866,Clan,bloodasp,bas-ac,bas-a,90,Assault,champion
867,Clan,marauderiic,mad-iicc,mad-iic,85,Assault,champion
868,InnerSphere,annihilator,anh-1ac,anh-1a,100,Assault,champion
869,InnerSphere,cyclops,cp-10-qc,cp-10-q,90,Assault,champion
870,InnerSphere,atlas,as7-d-dcp,as7-d-dc,100,Assault,special
871,InnerSphere,catapult,cplt-k2p,cplt-k2,65,Heavy,special
872,InnerSphere,hunchback,hbk-4pp,hbk-4p,50,Medium,special
873,InnerSphere,jenner,jr7-fp,,35,Light,special
874,Clan,jenneriic,jr7-iic-ap,jr7-iic-a,35,Light,special
875,Clan,hunchbackiic,hbk-iic-bp,hbk-iic-b,50,Medium,special
876,Clan,orioniic,on1-iic-ap,on1-iic-a,75,Heavy,special
877,Clan,highlanderiic,hgn-iic-bp,hgn-iic-b,90,Assault,special
878,Clan,kitfox,kfx-p,,30,Light,
879,Clan,kitfox,kfx-ps,kfx-p,30,Light,special
880,Clan,summoner,smn-g,,70,Heavy,
881,Clan,summoner,smn-gs,smn-g,70,Heavy,special
885,InnerSphere,wolfhound,wlf-1ap,wlf-1a,35,Light,special
886,InnerSphere,crab,crb-27slp,crb-27sl,50,Medium,special
887,InnerSphere,blackknight,bl-6b-kntp,bl-6b-knt,75,Heavy,special
888,InnerSphere,mauler,mal-mx90p,mal-mx90,90,Assault,special
889,Clan,cougar,cou-hp,cou-h,35,Light,special
890,Clan,arcticwolf,acw-ap,acw-a,40,Medium,special
891,Clan,novacat,nct-bp,nct-b,70,Heavy,special
892,Clan,madcatmkii,mcii-bp,mcii-b,90,Assault,special
893,InnerSphere,crusader,crd-3rs,crd-3r,65,Heavy,special
894,InnerSphere,crusader,crd-3r,,65,Heavy,
895,InnerSphere,crusader,crd-5k,,65,Heavy,
896,InnerSphere,crusader,crd-5m,,65,Heavy,
897,InnerSphere,crusader,crd-6t,,65,Heavy,
898,InnerSphere,crusader,crd-7l,,65,Heavy,
899,InnerSphere,crusader,crd-cr,,65,Heavy,hero
900,InnerSphere,spider,sdr-5dp,sdr-5d,30,Light,special
901,InnerSphere,cicada,cda-3mp,cda-3m,40,Medium,special
902,InnerSphere,jagermech,jm6-ddp,jm6-dd,65,Heavy,special
903,InnerSphere,kingcrab,kgc-000p,kgc-000,100,Assault,special
904,Clan,incubus,inc-4p,inc-4,30,Light,special
905,Clan,vaporeagle,vgl-3p,vgl-3,55,Medium,special
906,Clan,hellfire,hlf-ap,hlf-a,60,Heavy,special
907,Clan,kodiak,kdk-3p,kdk-3,100,Assault,special
908,InnerSphere,panther,pnt-9rp,pnt-9r,35,Light,special
909,InnerSphere,bushwacker,bsw-x2p,bsw-x2,55,Medium,special
910,InnerSphere,grasshopper,ghr-5pp,ghr-5p,70,Heavy,special
911,InnerSphere,annihilator,anh-1xp,anh-1x,100,Assault,special
912,Clan,mistlynx,mlx-gp,mlx-g,25,Light,special
913,Clan,stormcrow,scr-bp,scr-b,55,Medium,special
914,Clan,hellbringer,hbr-bp,hbr-b,65,Heavy,special
915,Clan,gargoyle,gar-ep,gar-e,80,Assault,special
916,InnerSphere,commando,com-1bp,com-1b,25,Light,special
917,InnerSphere,centurion,cn9-dp,cn9-d,50,Medium,special
918,InnerSphere,orion,on1-kp,on1-k,75,Heavy,special
919,InnerSphere,marauderii,mad-6sp,mad-6s,100,Assault,special
920,Clan,adder,adr-ap,adr-a,35,Light,special
921,Clan,shadowcat,shc-bp,shc-b,45,Medium,special
922,Clan,timberwolf,tbr-sp,tbr-s,75,Heavy,special
923,Clan,supernova,snv-bp,snv-b,90,Assault,special
924,InnerSphere,warhammer,whm-7sp,whm-7s,70,Heavy,special
925,InnerSphere,marauder,mad-5mp,mad-5m,75,Heavy,special
926,InnerSphere,rifleman,rfl-5dp,rfl-5d,60,Heavy,special
927,InnerSphere,archer,arc-5wp,arc-5w,70,Heavy,special
928,Clan,warhammeriic,whm-iic-ap,whm-iic-a,80,Assault,special
929,Clan,marauderiic,mad-iic-dp,mad-iic-d,85,Assault,special
930,Clan,riflemaniic,rfl-iic-2p,rfl-iic-2,65,Heavy,special
931,Clan,maddog,mdd-cp,mdd-c,60,Heavy,special
932,InnerSphere,raven,rvn-2xp,rvn-2x,35,Light,special
933,InnerSphere,blackjack,bj-3p,bj-3,45,Medium,special
934,InnerSphere,thanatos,tns-5sp,tns-5s,75,Heavy,special
935,InnerSphere,fafnir,fnr-5bp,fnr-5b,100,Assault,special
936,Clan,piranha,pir-2p,pir-2,20,Light,special
937,Clan,iceferret,ifr-pp,ifr-p,45,Medium,special
938,Clan,ebonjaguar,ebj-ap,ebj-a,65,Heavy,special
939,Clan,bloodasp,bas-bp,bas-b,90,Assault,special
940,InnerSphere,trebuchet,tbt-7kp,tbt-7k,50,Medium,special
941,InnerSphere,assassin,asn-27p,asn-27,40,Medium,special
942,InnerSphere,hellspawn,hsn-8pp,hsn-8p,45,Medium,special
943,InnerSphere,stalker,stk-5mp,stk-5m,85,Assault,special
944,Clan,arcticcheetah,ach-ep,ach-e,30,Light,special
945,Clan,blacklanner,bkl-dp,bkl-d,55,Medium,special
946,Clan,nightgyr,ntg-cp,ntg-c,75,Heavy,special
947,Clan,warhawk,whk-bp,whk-b,85,Assault,special
948,InnerSphere,urbanmech,um-r60p,um-r60,30,Light,special
949,InnerSphere,enforcer,enf-4pp,enf-4p,50,Medium,special
950,InnerSphere,dragon,drg-1cp,drg-1c,60,Heavy,special
951,InnerSphere,cyclops,cp-11-pp,cp-11-p,90,Assault,special
952,InnerSphere,phoenixhawk,pxh-1bp,pxh-1b,45,Medium,special
953,InnerSphere,crusader,crd-6tp,crd-6t,65,Heavy,special
954,InnerSphere,roughneck,rgh-3ap,rgh-3a,65,Heavy,special
955,InnerSphere,corsair,cor-7ap,cor-7a,95,Assault,special
956,Clan,kitfox,kfx-dp,kfx-d,30,Light,special
957,Clan,viper,vpr-bp,vpr-b,40,Medium,special
958,Clan,linebacker,lbk-dp,lbk-d,65,Heavy,special
959,Clan,executioner,exe-ap,exe-a,95,Assault,special
960,Clan,huntsman,hmn-pp,hmn-p,50,Medium,special
961,Clan,sunspider,sns-dp,sns-d,70,Heavy,special
968,InnerSphere,locust,lct-3sp,lct-3s,20,Light,special
969,InnerSphere,shadowhawk,shd-2kp,shd-2k,55,Medium,special
970,InnerSphere,thunderbolt,tdr-9sp,tdr-9s,65,Heavy,special
971,InnerSphere,battlemaster,blr-3mp,blr-3m,85,Assault,special
972,InnerSphere,wolverine,wvr-7kp,wvr-7k,55,Medium,special
973,InnerSphere,griffin,grf-2np,grf-2n,25,Light,special
974,Clan,nova,nva-ap,nva-a,50,Medium,special
975,Clan,summoner,smn-bp,smn-b,70,Heavy,special
976,Clan,direwolf,dwf-ap,dwf-a,100,Assault,special
977,InnerSphere,stalker,stk-5scs,stk-5s,85,Assault,special
978,Clan,orioniic,on1-iic-cs,on1-iic-c,75,Heavy,special
979,InnerSphere,banshee,bnc-3es,bnc-3e,95,Assault,special
962,InnerSphere,hatchetman,hct-3f,,45,Medium,
963,InnerSphere,hatchetman,hct-5s,,45,Medium,
964,InnerSphere,hatchetman,hct-6d,,45,Medium,
965,InnerSphere,hatchetman,hct-5k,,45,Medium,
966,InnerSphere,hatchetman,hct-7r,,45,Medium,
967,InnerSphere,hatchetman,hct-tm,,45,Medium,hero
980,InnerSphere,fafnir,fnr-jlgd,fnr-j,100,Assault,legend
981,InnerSphere,firestarter,fs9-ap,fs9-a,35,Light,special
982,InnerSphere,javelin,jvn-10pp,jvn-10p,30,Light,special
983,InnerSphere,vulcan,vt-5sp,vt-5s,40,Medium,special
984,InnerSphere,dervish,dv-6mrp,dv-6mr,55,Medium,special
985,InnerSphere,kintaro,kto-19p,kto-19,55,Medium,special
986,InnerSphere,champion,chp-3np,chp-3n,60,Heavy,special
987,InnerSphere,awesome,aws-8qp,aws-8q,80,Assault,special
988,InnerSphere,highlander,hgn-732bp,hgn-732b,90,Assault,special
989,InnerSphere,victor,vtr-9bp,vtr-9b,80,Assault,special
991,InnerSphere,banshee,bnc-3sp,bnc-3s,95,Assault,special
992,InnerSphere,hatchetman,hct-7rp,hct-7r,45,Medium,special
993,InnerSphere,osiris,osr-4dp,osr-4d,30,Light,special
994,InnerSphere,flea,fle-20p,fle-20,20,Light,special
995,InnerSphere,vindicator,vnd-1xp,vnd-1x,45,Medium,special
882,InnerSphere,uziel,uzl-6pp,uzl-6p,50,Medium,special
883,InnerSphere,cataphract,ctf-4xp,ctf-4x,70,Heavy,special
884,InnerSphere,quickdraw,qkd-5kp,qkd-5k,60,Heavy,special
3601,InnerSphere,zeus,zeu-9sp,zeu-9s,80,Assault,special
3602,InnerSphere,nightstar,nsr-10pp,nsr-10p,95,Assault,special
3603,InnerSphere,charger,cgr-3kp,cgr-3k,80,Assault,special
3604,InnerSphere,hatamotochi,htm-27wp,htm-27w,80,Assault,special
990,InnerSphere,atlas,as7-d-dc-escort,,100,Assault,special
996,InnerSphere,jenner,jr7-d-founder,jr7-d,35,Light,special
997,InnerSphere,catapult,cplt-c1-founder,cplt-c1,65,Heavy,special
998,InnerSphere,hunchback,hbk-4g-founder,hbk-4g,50,Medium,special
999,InnerSphere,atlas,as7-d-founder,as7-d,100,Assault,special
3605,Clan,madcatmkii,mcii-mwklgd,mcii-mwk,90,Assault,legend
3606,Clan,marauderiic,mad-iic-dnlgd,mad-iic-dn,85,Assault,legend
3607,InnerSphere,shadowhawk,shd-slgd,shd-s,55,Medium,legend
3608,InnerSphere,cyclops,cp-arlgd,cp-ar,90,Assault,legend
3609,Clan,supernova,snv-srlgd,snv-sr,90,Assault,legend
3610,InnerSphere,quickdraw,qkd-dlgd,qkd-d,60,Heavy,legend
3611,Clan,timberwolf,tbr-hlgd,,75,Heavy,legend
3612,Clan,clanannihilator,anh-gzlgd,,100,Assault,legend
3613,InnerSphere,annihilator,anh-sclgd,,100,Assault,legend
3614,Clan,stonerhino,sr-1,,100,Assault,
3615,Clan,stonerhino,sr-2,,100,Assault,
3616,Clan,stonerhino,sr-3,,100,Assault,
3617,Clan,stonerhino,sr-4,,100,Assault,
3618,Clan,stonerhino,sr-6,,100,Assault,
3619,Clan,stonerhino,sr-7,,100,Assault,
3620,Clan,stonerhino,sr-k,,100,Assault,hero
3621,Clan,stonerhino,sr-6s,sr-6,100,Assault,special
3622,Clan,viper,vpr-dilgd,vpr-di,40,Medium,legend
3623,Clan,timberwolf,tbr-scs,tbr-sc,75,Heavy,special
3624,Clan,executioner,exe-mtsp,exe-m,95,Assault,special
3625,InnerSphere,stalker,stk-wulgd,stk-wu,85,Assault,legend
3626,InnerSphere,atlas,as7-wlgd,as7-w,100,Assault,legend
3627,Clan,urbanmechiic,um-iiclgd,um-iic,30,Light,legend
3628,Clan,urbanmechiic,um-iic-2lgd,um-iic-2,30,Light,legend
3655,Clan,vaporeagle,vgl-gwlgd,vgl-gw,55,Medium,legend
3656,InnerSphere,marauder,mad-blgd,mad-b,75,Heavy,legend
3665,InnerSphere,centurion,cn9-onlgd,cn9-on,50,Medium,legend
3670,Clan,stonerhino,sr-aklgd,sr-ak,100,Assault,legend
3671,InnerSphere,commando,com-d03h,,25,Light,special
3672,InnerSphere,longbow,lgb-ohlgd,lgb-oh,85,Assault,legend
3673,InnerSphere,warhammer,whm-6rh,whm-6r,70,Heavy,special
3676,InnerSphere,victor,vtr-9b-lilgd,vtr-9b-li,80,Assault,legend
3677,Clan,executioner,exe-b-clgd,exe-b-c,95,Assault,legend
3629,InnerSphere,firestarter,fs9-at,fs9-a,35,Light,trial
3630,InnerSphere,javelin,jvn-10pt,jvn-10p,30,Light,trial
3631,Clan,incubus,inc-1t,inc-1,30,Light,trial
3632,Clan,mistlynx,mlx-gt,mlx-g,25,Light,trial
3633,InnerSphere,bushwacker,bsw-p2t,bsw-p2,55,Medium,trial
3634,InnerSphere,wolverine,wvr-7dt,wvr-7d,55,Medium,trial
3635,Clan,huntsman,hmn-bt,hmn-b,50,Medium,trial
3636,Clan,hunchbackiic,hbk-iic-at,hbk-iic-a,50,Medium,trial
3637,InnerSphere,warhammer,whm-7st,whm-7s,70,Heavy,trial
3638,InnerSphere,thunderbolt,tdr-9st,tdr-9s,65,Heavy,trial
3639,Clan,riflemaniic,rfl-iic-2t,rfl-iic-2,65,Heavy,trial
3640,Clan,nightgyr,ntg-ht,ntg-h,75,Heavy,trial
3641,InnerSphere,stalker,stk-4nt,stk-4n,85,Assault,trial
3642,InnerSphere,fafnir,fnr-5t,fnr-5,100,Assault,trial
3643,Clan,madcatmkii,mcii-2t,mcii-2,90,Assault,trial
3644,Clan,direwolf,dwf-bt,dwf-b,100,Assault,trial
3645,InnerSphere,fafnir,fnr-j,,100,Assault,"legend,hero"
3646,Clan,madcatmkii,mcii-mwk,,90,Assault,"legend,hero"
3657,InnerSphere,shadowhawk,shd-s,,55,Medium,"legend,hero"
3658,Clan,marauderiic,mad-iic-dn,,85,Assault,"legend,hero"
3668,InnerSphere,cyclops,cp-ar,,90,Assault,"legend,hero"
3669,Clan,supernova,snv-sr,,90,Assault,"legend,hero"
3674,InnerSphere,quickdraw,qkd-d,,60,Heavy,"legend,hero"
3675,Clan,timberwolf,tbr-h,,75,Heavy,"legend,hero"
3678,Clan,clanannihilator,anh-gz,,100,Assault,"legend,hero"
3679,InnerSphere,annihilator,anh-sc,,100,Assault,"legend,hero"
3680,Clan,executioner,exe-m,,95,Assault,
3659,Clan,adder,adr-wl,adr-w,35,Light,special
3660,Clan,iceferret,ifr-jl,ifr-j,45,Medium,special
3661,InnerSphere,urbanmech,um-rl,um-r,30,Light,special
3662,InnerSphere,jenner,jr7-al,jr7-a,35,Light,special
3663,InnerSphere,jagermech,jm6-del,jm6-de,65,Heavy,special
3664,Clan,clanwolfhound,wlf-cl,wlf-c,35,Light,special
3666,Clan,stonerhino,sr-1p,sr-1,100,Assault,special
3667,Clan,piranha,pir-dl,pir-d,20,Light,special
3647,InnerSphere,longbow,lgb-10c,,85,Assault,
3648,InnerSphere,longbow,lgb-12rs,lgb-12r,85,Assault,special
3649,InnerSphere,longbow,lgb-10k,,85,Assault,
3650,InnerSphere,longbow,lgb-12c,,85,Assault,
3651,InnerSphere,longbow,lgb-12r,,85,Assault,
3652,InnerSphere,longbow,lgb-7v,,85,Assault,
3653,InnerSphere,longbow,lgb-13nais,,85,Assault,
3654,InnerSphere,longbow,lgb-oc,,85,Assault,hero